Date,b&h,without_pca,with_pca,with_pca_and_dwt
2015-01-21,100000.0,100000.0,100000.0,100000.0
2015-01-22,101420.89157434083,98379.96066613769,98379.96066613769,98379.96066613769
2015-01-23,101420.89157434083,98379.96066613769,98379.96066613769,98379.96066613769
2015-01-26,100865.72970910645,98935.12253137206,98935.12253137206,98935.12253137206
2015-01-27,101123.9606661377,98676.89157434081,98676.89157434081,98676.89157434081
2015-01-28,99774.4987520752,100026.35348840331,100026.35348840331,100026.35348840331
2015-01-29,98432.38803430177,101368.46420617675,101368.46420617675,101368.46420617675
2015-01-30,99367.79635949708,100433.05588098144,100433.05588098144,100433.05588098144
2015-02-02,98081.05588098145,101719.79635949706,101719.79635949706,101719.79635949706
2015-02-03,99348.195163208,100452.65707727052,100452.65707727052,100452.65707727052
2015-02-04,100778.01779504395,99022.83444543456,99022.83444543456,99022.83444543456
2015-02-05,100360.5368380127,99440.31540246581,99440.31540246581,99440.31540246581
2015-02-06,101390.02731652833,98410.82492395019,98410.82492395019,98410.82492395019
2015-02-09,101044.5749239502,98756.27731652831,98756.27731652831,98756.27731652831
2015-02-10,100616.80588098145,99184.04635949706,99184.04635949706,99184.04635949706
2015-02-11,101687.4606661377,98113.39157434081,98113.39157434081,98113.39157434081
2015-02-12,101684.51779504395,98116.33444543456,98116.33444543456,98116.33444543456
2015-02-13,102662.06540246583,97138.78683801269,97138.78683801269,97138.78683801269
2015-02-17,103079.05588098145,96721.79635949706,96721.79635949706,96721.79635949706
2015-02-18,103243.2106661377,96557.64157434081,96557.64157434081,96557.64157434081
2015-02-19,103210.8630098877,96589.98923059081,96589.98923059081,96589.98923059081
2015-02-20,103101.59396691895,96699.25827355956,96699.25827355956,96699.25827355956
2015-02-23,103731.2487520752,96069.60348840331,96069.60348840331,96069.60348840331
2015-02-24,103699.88205285645,96100.97018762206,96100.97018762206,96100.97018762206
2015-02-25,103985.06540246583,95815.78683801269,95815.78683801269,95815.78683801269
2015-02-26,103905.69162316895,95895.16061730956,95895.16061730956,95895.16061730956
2015-02-27,103752.80588098145,96048.04635949706,96048.04635949706,96048.04635949706
2015-03-02,103447.04635949708,96353.80588098144,96353.80588098144,96353.80588098144
2015-03-03,104078.6510958252,95722.20114465331,95722.20114465331,95722.20114465331
2015-03-04,103607.76779504395,96193.08444543456,96193.08444543456,96193.08444543456
2015-03-05,103154.51779504395,96646.33444543456,96646.33444543456,96646.33444543456
2015-03-06,103277.50827355958,96523.34396691894,96523.34396691894,96523.34396691894
2015-03-09,101818.2868380127,97982.56540246581,97982.56540246581,97982.56540246581
2015-03-10,102218.6130098877,97582.23923059081,98269.20251013184,98269.20251013184
2015-03-11,100490.38803430177,99310.46420617675,99829.15448400879,99829.15448400879
2015-03-12,100298.30588098145,99024.18241516114,99542.87269299317,100013.39654943848
2015-03-13,101558.09396691895,100258.26054016114,98210.86304846192,98805.02838537598
2015-03-16,100943.14157434083,100761.49728625489,98813.26539221192,99394.88068029785
2015-03-17,102304.85348840333,99427.57541125489,97479.34351721192,98088.74884436035
2015-03-18,101966.26779504395,99759.25119250489,97811.01929846192,98413.51471350098
2015-03-19,103202.04635949708,98548.69259875489,96600.46070471192,97228.1760904541
2015-03-20,102700.77731652833,99039.73166125489,97091.49976721192,97708.98517248535
2015-03-23,103623.45114465333,98135.88791125489,96187.65601721192,96823.97150061035
2015-03-24,103443.12253137208,98312.53634875489,96364.30445471192,96996.9397623291
2015-03-25,102810.04635949708,98932.69259875489,96984.46070471192,97604.1760904541
2015-03-26,101317.9987520752,100394.29025500489,98446.05836096192,99035.32379553223
2015-03-27,101077.89157434083,100629.49728625489,98681.26539221192,99265.63068029785
2015-03-30,101316.52731652833,100395.73166125489,98447.49976721192,99036.73517248535
2015-03-31,102552.30588098145,99185.17306750489,97236.94117346192,97851.39654943848
2015-04-01,101653.1510958252,100065.97775500489,98117.74586096192,98713.85113928223
2015-04-02,101251.35348840333,100459.57541125489,98511.34351721192,99099.24884436035
2015-04-06,101607.58444543458,100110.61447375489,98162.38257971192,98757.5579263916
2015-04-07,102276.93210168458,99454.92697375489,97506.69507971192,98115.5305826416
2015-04-08,102066.72018762208,99660.84884875489,97712.61695471192,98317.1624185791
2015-04-09,102339.64157434083,99393.49728625489,97445.26539221192,98055.38068029785
2015-04-10,102794.3630098877,98948.05588000489,96999.82398596192,97619.21930334473
2015-04-13,103327.48923059083,98425.80978625489,96477.57789221192,97107.85333654785
2015-04-14,102855.6130098877,98888.05588000489,96939.82398596192,97560.46930334473
2015-04-15,103022.7106661377,98724.36838000489,96776.13648596192,97400.19195959473
2015-04-16,103551.41061730958,98206.45822375489,96258.22632971192,96893.0715982666
2015-04-17,103471.05588098145,98285.17306750489,96336.94117346192,96970.14654943848
2015-04-20,102304.3630098877,99428.05588000489,97479.82398596192,98089.21930334473
2015-04-21,103246.14157434083,98505.49728625489,96557.26539221192,97185.88068029785
2015-04-22,103093.75827355958,98654.77072375489,96706.53882971192,97332.0442545166
2015-04-23,103616.58444543458,98142.61447375489,96194.38257971192,96830.5579263916
2015-04-24,103860.1130098877,97904.05588000489,95955.82398596192,96596.96930334473
2015-04-27,104093.35348840333,97675.57541125489,95727.34351721192,96373.24884436035
2015-04-28,103663.62253137208,98096.53634875489,96148.30445471192,96785.4397623291
2015-04-29,103949.7868380127,97816.21213000489,95867.98023596192,96510.95563146973
2015-04-30,103562.20114465333,98195.88791125489,96247.65601721192,96882.72150061035
2015-05-01,102516.5368380127,99220.21213000489,97271.98023596192,97885.70563146973
2015-05-04,103632.75827355958,98126.77072375489,96178.53882971192,96815.0442545166
2015-05-05,103936.55588098145,97829.17306750489,95880.94117346192,96523.64654943848
2015-05-06,102710.08444543458,99030.61447375489,97082.38257971192,97700.0579263916
2015-05-07,102253.89157434083,99477.49728625489,97529.26539221192,98137.63068029785
2015-05-08,102638.54635949708,99100.69259875489,97152.46070471192,98408.81822473145
2015-05-11,104015.45114465333,97751.88791125489,95803.65601721192,96989.97763488769
2015-05-12,103487.72018762208,98268.84884875489,96320.61695471192,97496.16855285644
2015-05-13,103183.43210168458,98566.92697375489,96618.69507971192,97788.03671691894
2015-05-14,103152.06540246583,98597.65353625489,96649.42164221192,97818.12314270019
2015-05-15,104260.45114465333,97511.88791125489,95563.65601721192,96754.97763488769
2015-05-18,104340.31540246583,97433.65353625489,95485.42164221192,96678.37314270019
2015-05-19,104657.34396691895,97123.09494250489,95174.86304846192,96374.28451965332
2015-05-20,104590.22018762208,97188.84884875489,95240.61695471192,96438.66855285644
2015-05-21,104493.20114465333,97283.88791125489,95335.65601721192,96531.72763488769
2015-05-22,104736.72970910645,97045.32931750489,95097.09742346192,96298.13901184082
2015-05-26,104503.48923059083,97273.80978625489,95325.57789221192,96521.85947082519
2015-05-27,103432.34396691895,98323.09494250489,96374.86304846192,97549.28451965332
2015-05-28,104377.06540246583,97397.65353625489,95449.42164221192,96643.12314270019
2015-05-29,104245.25827355958,97526.77072375489,95578.53882971192,96769.55038879394
2015-06-01,103588.6510958252,98169.97775500489,96221.74586096192,97399.35727355957
2015-06-02,103801.31540246583,97961.65353625489,96013.42164221192,97195.37314270019
2015-06-03,103696.95114465333,98063.88791125489,96115.65601721192,97295.47763488769
2015-06-04,103915.97970910645,97849.32931750489,95901.09742346192,97085.38901184082
2015-06-05,103022.7106661377,98724.36838000489,96776.13648596192,97942.19809387207
2015-06-08,102875.22018762208,98868.84884875489,96920.61695471192,98083.66855285644
2015-06-09,102211.26779504395,99519.25119250489,96201.04452502444,98720.52084777832
2015-06-10,102253.89157434083,99477.49728625489,96241.05868518069,98679.63681457519
2015-06-11,103481.34396691895,98275.09494250489,94993.06954357913,99759.2220640869
2015-06-12,103660.69162316895,98099.40744250489,94824.70235607913,99488.25032263182
2015-06-15,102937.94162316895,98807.40744250489,95503.20235607913,100181.50032263182
2015-06-16,102463.6130098877,99272.05588000489,95948.49044201663,100636.46858435057
2015-06-17,103044.75827355958,98702.77072375489,95402.92550061038,100079.04353552245
2015-06-18,103248.10348840333,98503.57541125489,95212.02999279788,99883.9981253662
2015-06-19,104267.30588098145,97505.17306750489,94255.22774670413,100762.879743042
2015-06-22,103716.05588098145,98045.17306750489,94772.72774670413,101191.93146350098
2015-06-23,104346.20114465333,97427.88791125489,94181.16280529788,100587.50641467285
2015-06-24,104412.34396691895,97363.09494250489,94119.06954357913,100524.06329943848
2015-06-25,103646.97018762208,98112.84884875489,94837.58370373538,101258.1973326416
2015-06-26,103339.73923059083,98413.80978625489,95126.00460217288,101552.88825061035
2015-06-29,103299.55588098145,98453.17306750489,95163.72774670413,101591.43146350098
2015-06-30,101150.9010958252,100557.97775500489,97180.83223889163,103652.38605334473
2015-07-01,101418.94162316895,100295.40744250489,96929.20235607913,103395.28595568848
2015-07-02,102120.12253137208,99608.53634875489,96270.95089123538,102722.7246763916
2015-07-06,102088.76779504395,99639.25119250489,96300.38594982913,102752.79962756348
2015-07-07,101695.7868380127,100024.21213000489,96669.30684826663,103129.74054553223
2015-07-08,102312.2106661377,99420.36838000489,96090.62325451663,102538.47687365723
2015-07-09,100613.868991333,101084.0500206299,97684.98482678227,104167.49848010256
2015-07-10,100840.73923059083,101210.6329372559,97472.00460217288,103949.88825061035
2015-07-13,102080.93210168458,99869.92587329107,96307.74190686038,102760.3154967041
2015-07-14,103206.95114465333,98743.90683032232,95250.66280529788,101680.25641467285
2015-07-15,103665.09396691895,98285.76400805669,94820.56954357913,101240.81329943848
2015-07-16,103589.14157434083,98361.71640063482,94891.87178967288,101313.66559436035
2015-07-17,104416.75827355958,97534.09970141607,94114.92550061038,100519.8291685791
2015-07-20,104531.9010958252,97418.95687915044,94006.83223889163,100409.38605334473
2015-07-21,104612.26779504395,97338.59017993169,93931.38594982913,100332.29962756348
2015-07-22,104167.83444543458,97783.02352954107,94348.60909436038,100758.5928404541
2015-07-23,103919.89157434083,98030.96640063482,94581.37178967288,100996.41559436035
2015-07-24,103331.89157434083,98618.96640063482,95133.37178967288,101560.41559436035
2015-07-27,102229.39157434083,99721.46640063482,96168.37178967288,102617.91559436035
2015-07-28,101640.9010958252,100309.95687915044,96720.83223889163,103182.38605334473
2015-07-29,102895.79635949708,99055.06161547857,95542.76729748538,101978.7110045166
2015-07-30,103646.47970910645,98304.37826586919,94838.04415295413,101258.66779162598
2015-07-31,103649.41061730958,98301.44735766607,94835.29268811038,101255.8565123291
2015-08-03,103414.7106661377,98536.14730883794,95055.62325451663,101480.97687365723
2015-08-04,103130.50827355958,98820.34970141607,95322.42550061038,101753.5791685791
2015-08-05,102899.22970910645,99051.62826586919,95539.54415295413,101975.41779162598
2015-08-06,103218.7106661377,98732.14730883794,95239.62325451663,101668.97687365723
2015-08-07,102420.98923059083,99529.86874438482,95988.50460217288,102434.13825061035
2015-08-10,102127.47970910645,99823.37826586919,96264.04415295413,102715.66779162598
2015-08-11,103431.3630098877,98519.49496508794,95039.99044201663,101465.00421740723
2015-08-12,102445.97970910645,99504.87826586919,95965.04415295413,102410.16779162598
2015-08-13,102542.9987520752,99407.85922290044,95873.96505139163,102317.10870959473
2015-08-14,102412.6510958252,99538.20687915044,95996.33223889163,102442.13605334473
2015-08-17,102812.00827355958,99138.84970141607,95621.42550061038,102059.0791685791
2015-08-18,103346.10348840333,98604.75448657232,95120.02999279788,101546.78375842285
2015-08-19,103075.62253137208,98875.23544360357,95373.95089123538,101806.2246763916
2015-08-20,102227.44162316895,99723.41635180669,96170.20235607913,102619.78595568848
2015-08-21,100077.31540246583,101873.54257250982,98188.68819592288,104682.15192248535
2015-08-24,96900.1570772705,105050.70089770513,101171.32662365727,107729.63031604006
2015-08-25,93093.83444543458,100829.2008802491,97109.12849365242,111380.5928404541
2015-08-26,91839.43564172364,102085.6594583741,98318.17354052741,112583.79169299317
2015-08-27,95411.5368380127,98221.95816442878,94600.27229541022,109157.49054553223
2015-08-28,97721.88803430177,95723.00687048347,92195.62105029303,106941.43939807129
2015-08-31,97781.17612023927,95658.87894079597,92133.91304248053,106884.57123400879
2015-09-01,96963.368991333,96543.44583532723,92985.1000541993,107668.99848010256
2015-09-02,94105.195163208,99634.93997595223,90150.8939197999,110410.51215197756
2015-09-03,95820.68564172364,97779.4094583741,88415.47251196297,108765.04169299317
2015-09-04,95931.91659875489,97659.09842321785,88429.9246915284,108658.35077502442
2015-09-08,94466.3249239502,99244.33023474128,89688.07537939462,110064.12238146973
2015-09-09,96827.63803430177,96690.25687048347,87519.52252294931,107799.18939807129
2015-09-10,95486.50827355958,98140.86661169441,88751.17230322275,109085.5791685791
2015-09-11,95988.75827355958,97597.61661169441,88289.92230322275,108603.8291685791
2015-09-14,96417.9987520752,97133.33609411628,87895.72186376962,108192.10870959473
2015-09-15,96025.01779504395,97558.39712927253,87456.55480224619,108569.04962756348
2015-09-16,97252.95468469239,96230.22049353035,88559.19200927744,107391.23261096192
2015-09-17,98096.73923059083,95317.55557653816,87714.47196875009,106581.88825061035
2015-09-18,97846.34396691895,95588.39126989753,87939.31669531259,106822.06329943848
2015-09-21,96270.01779504395,97293.39712927253,89354.79325781259,108334.04962756348
2015-09-22,96708.0749239502,96819.58023474128,88961.43583593759,107913.87238146973
2015-09-23,95520.80588098145,98103.76919958503,90027.55497656259,109052.68146350098
2015-09-24,95325.7868380127,97807.63317663582,90202.67411718759,109239.74054553223
2015-09-25,95006.30588098145,98036.69615271004,90489.55497656259,109546.18146350098
2015-09-28,94962.20468469239,98081.69737341316,90529.15605078134,109588.48261096192
2015-09-29,92533.27731652833,100560.19468786629,92710.23368750009,111918.27008654785
2015-09-30,92646.95468469239,100444.19737341316,92608.15605078134,111809.23261096192
2015-10-01,94408.01779504395,98647.19419958504,91026.79325781259,110120.04962756348
2015-10-02,94593.72372766114,98457.69834997566,90860.03691015634,109941.92352893067
2015-10-05,95943.18564172364,97080.69639685066,89648.27519140634,108647.54169299317
2015-10-06,97691.9987520752,95296.19322302254,88077.91239843759,106970.10870959473
2015-10-07,97342.62851281739,95652.69346716316,88391.63261328134,107305.21893908692
2015-10-08,98122.21420617677,94857.19786169441,87691.59648046884,106557.45306994629
2015-10-09,98984.618991333,93977.19297888193,86917.19218359386,105730.24848010256
2015-10-12,99056.1570772705,93904.19493200693,86852.95390234386,105661.63031604006
2015-10-13,99182.08444543458,93775.69761755379,86739.87626562509,105540.8428404541
2015-10-14,98507.35348840333,94464.19859411629,87345.75712500009,106188.03375842285
2015-10-15,98044.30588098145,94936.69615271004,87761.55497656259,106632.18146350098
2015-10-16,99495.68564172364,93455.69639685066,86458.27519140634,105240.04169299317
2015-10-19,99948.93564172364,92993.19639685066,86051.27519140634,104805.29169299317
2015-10-20,99975.88803430177,92965.69395544441,86027.07304296884,104779.43939807129
2015-10-21,99834.27731652833,93110.19468786629,86154.23368750009,104915.27008654785
2015-10-22,99254.60348840333,93701.69859411629,86674.75712500009,105471.28375842285
2015-10-23,100899.5368380127,92023.19517614754,85197.67411718759,103893.49054553223
2015-10-26,102008.89157434083,90891.20054724129,84201.51884375009,102829.41559436035
2015-10-27,101814.3630098877,91089.69908239754,84376.19755468759,103016.00421740723
2015-10-28,101555.1510958252,91354.20103552254,84608.95927343759,103264.63605334473
2015-10-29,102753.70114465333,90131.19078161629,83532.71025000009,102115.00641467285
2015-10-30,102707.63205285645,90178.20005896004,83574.07841406259,102159.19513537598
2015-11-02,102215.19162316895,90680.69029333504,84016.26982031259,102631.53595568848
2015-11-03,103424.9987520752,89446.19322302254,82929.91239843759,101471.10870959473
2015-11-04,103706.25827355958,89159.19371130379,82677.35282812509,101201.3291685791
2015-11-05,103339.73923059083,89533.19273474129,83006.47196875009,101552.88825061035
2015-11-06,103223.1130098877,89652.19908239754,83111.19755468759,101664.75421740723
2015-11-09,103187.34396691895,89688.69810583504,83143.31669531259,101699.06329943848
2015-11-10,102176.97018762208,90719.69175817879,84050.59110937509,102668.1973326416
2015-11-11,102330.8249239502,90562.69712927254,83912.43583593759,102520.62238146973
2015-11-12,102001.54635949708,90898.69566442879,84208.11454687509,102836.4610045166
2015-11-13,100579.0749239502,92350.19712927254,85485.43583593759,104200.87238146973
2015-11-16,99455.50827355958,91226.28155676277,86494.35282812509,105278.5791685791
2015-11-17,100932.85348840333,92583.02716223152,85167.75712500009,103861.53375842285
2015-11-18,100798.10348840333,92614.38361486823,85288.75712500009,103990.78375842285
2015-11-19,102421.97018762208,91123.07746252448,83830.59110937509,102433.1973326416
2015-11-20,102307.30588098145,91228.3814176026,83933.55497656259,102543.18146350098
2015-11-23,102695.87253137208,90871.53449377448,83584.63798437509,102170.4746763916
2015-11-24,102569.4606661377,90987.62702307136,83698.15067968759,102291.72687365723
2015-11-25,102694.4010958252,90872.88581213386,83716.67926367198,102171.88605334473
2015-11-27,102681.18210168458,90885.02570471198,83643.90468359385,102184.5654967041
2015-11-30,102741.94162316895,90829.2261441651,83594.30507421885,102126.28595568848
2015-12-01,102266.63205285645,91265.7349332276,83982.31288671885,102582.19513537598
2015-12-02,103355.41061730958,90265.83625158698,83093.51405859385,101537.8565123291
2015-12-03,102222.5368380127,91306.23053869636,84018.30898046885,102624.49054553223
2015-12-04,100757.93210168458,92651.27570471198,85213.90468359385,104029.3154967041
2015-12-07,102819.35348840333,90758.13361486823,83531.11171484385,102052.03375842285
2015-12-08,102102.97970910645,91416.0279019776,84115.90663671885,102739.16779162598
2015-12-09,101442.4606661377,92022.62702307136,84655.10585546885,103372.72687365723
2015-12-10,100659.92612023927,92741.28119787604,85293.90956640635,104123.32123400879
2015-12-11,100885.81540246583,92533.83185705573,85109.51015234385,104251.43950183108
2015-12-14,98932.67612023927,94327.53119787604,86703.90956640635,106141.82727038575
2015-12-15,99401.60348840333,93896.88361486823,86321.11171484385,105663.32995593263
2015-12-16,100453.63803430177,92930.72944006354,85462.30800390635,104589.82531726075
2015-12-17,101906.97970910645,91596.0279019776,84275.90663671885,103106.82360827638
2015-12-18,100379.1570772705,92999.13031896981,85523.10878515635,104665.82629382327
2015-12-21,98598.4987520752,94634.42878088386,86976.70741796885,106482.82458483888
2015-12-22,99362.89755578614,93932.42987951667,86352.70839453135,105702.825805542
2015-12-23,100236.0749239502,93130.53229650886,85639.91054296885,104811.82849108888
2015-12-24,101476.75827355958,91991.12922033698,84627.10780859385,103545.82507312013
2015-12-28,101315.05588098145,92139.6314176026,84759.10976171885,103710.82751452638
2015-12-29,101095.04635949708,92341.68097814948,84938.70937109385,103935.32702624513
2015-12-30,102166.19162316895,91357.9761441651,84064.30507421885,102842.32165515138
2015-12-31,101431.19162316895,92032.9761441651,84664.30507421885,103592.32165515138
2016-01-04,100479.60348840333,92906.88361486823,85441.11171484385,104563.32995593263
2016-01-05,98946.88803430177,94314.47944006354,86692.30800390635,106127.32531726075
2016-01-06,99145.33444543458,94132.23273596198,86530.31093359385,105924.82897937013
2016-01-07,97849.2868380127,95322.48053869636,87588.30898046885,107247.32653796388
2016-01-08,95537.95468469239,97445.13251623542,89475.11073828135,109605.8287352295
2016-01-11,94506.01779504395,98392.8296597901,90317.50819921885,110658.82556140138
2016-01-12,94586.37851281739,98319.02900061042,90251.90761328135,110576.8248289795
2016-01-13,95321.868991333,97643.57856115731,89651.50722265635,109826.32434069827
2016-01-14,92950.26779504395,99821.5796597901,91587.50819921885,112246.32556140138
2016-01-15,94496.70468469239,98401.38251623542,90325.11073828135,110668.3287352295
2016-01-19,92462.71420617677,100269.33295568854,91985.51112890635,112743.82922351075
2016-01-20,92511.71420617677,100224.33295568854,91945.51112890635,112693.82922351075
2016-01-21,91433.71420617677,101214.33295568854,92825.51112890635,113793.82922351075
2016-01-22,91907.05588098145,100779.6314176026,92439.10976171885,113310.82751452638
2016-01-25,93764.64755578614,99073.67987951667,90922.70839453135,111415.325805542
2016-01-26,92303.46420617677,100415.58295568854,92115.51112890635,112906.32922351075
2016-01-27,93604.41659875489,99220.83075842292,91053.50917578135,111578.8267821045
2016-01-28,92591.09396691895,100151.4331754151,91880.71132421885,112612.82946765138
2016-01-29,93101.18564172364,99682.98163732917,91464.30995703135,112092.327758667
2016-02-01,95398.30588098145,97573.3814176026,93623.66891210948,109748.32751452638
2016-02-02,95356.16659875489,97612.08075842292,93582.38961523448,109791.3267821045
2016-02-03,93575.01779504395,99247.8296597901,95234.0982031251,111608.82556140138
2016-02-04,94040.51779504395,98820.3296597901,94778.0982031251,111133.82556140138
2016-02-05,94183.59396691895,98688.9331754151,94637.9419531251,110987.82946765138
2016-02-08,92448.9987520752,100281.92878088386,96337.1372656251,112757.82458483888
2016-02-09,91145.10348840333,101479.38361486823,97614.4224218751,114088.32995593263
2016-02-10,91084.83444543458,101534.73273596198,97673.4614843751,114149.82897937013
2016-02-11,91067.68564172364,101550.48163732917,97690.2603125001,114167.327758667
2016-02-12,89951.46420617677,102575.58295568854,98783.7017187501,115306.32922351075
2016-02-16,91700.76779504395,100969.0796597901,97070.0982031251,113521.32556140138
2016-02-17,93209.96420617677,99583.08295568854,95591.7017187501,111981.32922351075
2016-02-18,94740.72372766114,98177.28339514167,97058.92223266613,110419.329711792
2016-02-19,94300.21420617677,98581.83295568854,97412.08074707043,110868.82922351075
2016-02-22,94297.76779504395,98584.0796597901,97414.57708496106,110871.32556140138
2016-02-23,95656.04635949708,97336.68097814948,96028.5785498048,109485.32702624513
2016-02-24,94468.77731652833,98427.03009924323,97240.0775732423,110696.82604968263
2016-02-25,94886.7487520752,98043.17878088386,96813.57610839856,110270.32458483888
2016-02-26,95959.84396691895,97057.6831754151,95718.58099121106,109175.32946765138
2016-02-29,95780.9987520752,97221.92878088386,95901.07610839856,109357.82458483888
2016-03-01,95005.81540246583,97933.83185705573,96692.0795263673,110148.82800280763
2016-03-02,97265.695163208,95858.43207678231,94386.07977050793,107842.82824694827
2016-03-03,97662.59396691895,95493.9331754151,93981.08099121106,107437.82946765138
2016-03-04,98003.14755578614,95181.17987951667,93633.57732910168,107090.325805542
2016-03-07,98326.05588098145,94884.6314176026,93304.07903808606,106760.82751452638
2016-03-08,98412.7868380127,94804.98053869636,93215.57806152356,106672.32653796388
2016-03-09,97310.2868380127,95817.48053869636,94340.57806152356,107797.32653796388
2016-03-10,97800.2868380127,95367.48053869636,93840.57806152356,107297.32653796388
2016-03-11,97815.47372766114,95353.53339514167,93825.08123535168,107281.829711792
2016-03-14,99413.85348840333,93885.63361486823,92194.0814794923,105650.82995593263
2016-03-15,99288.9070772705,94000.38031896981,92321.57781738293,105778.32629382327
2016-03-16,99107.118991333,94167.32856115731,92507.07586425793,105963.82434069827
2016-03-17,99660.3249239502,93659.28229650886,91942.58001464856,105399.32849108888
2016-03-18,100315.45468469239,93057.63251623542,91274.08025878918,104730.8287352295
2016-03-21,100755.97018762208,92653.07746252448,90824.5746435548,104281.32311999513
2016-03-22,100854.95114465333,92562.17658361823,90723.5736669923,104180.32214343263
2016-03-23,100766.7487520752,92643.17878088386,90813.57610839856,104270.32458483888
2016-03-24,100125.33444543458,93232.23273596198,91468.0805029298,104924.82897937013
2016-03-28,100087.60348840333,93266.88361486823,91506.5814794923,104963.32995593263
2016-03-29,100141.9987520752,93216.92878088386,91451.07610839856,104907.82458483888
2016-03-30,101022.0368380127,92408.73053869636,90553.07806152356,104009.82653796388
2016-03-31,101460.09396691895,92006.4331754151,90106.08099121106,103562.82946765138
2016-04-01,101253.80588098145,92195.8814176026,90316.57903808606,103773.32751452638
2016-04-04,101892.76779504395,91609.0796597901,89664.57708496106,103121.32556140138
2016-04-05,101566.91061730958,91908.33625158698,89997.0844091798,103453.83288562013
2016-04-06,100539.87851281739,92851.52900061042,91045.07635253918,104501.8248289795
2016-04-07,101592.88205285645,91884.4849332276,89970.58294433606,103427.33142077638
2016-04-08,100380.13803430177,92998.22944006354,91208.07684082043,104664.82531726075
2016-04-11,100658.945163208,92742.18207678231,90923.57977050793,104380.32824694827
2016-04-12,100384.05588098145,92994.6314176026,91204.07903808606,104660.82751452638
2016-04-13,101350.8249239502,92106.78229650886,90217.58001464856,103674.32849108888
2016-04-14,102365.12253137208,91175.28449377448,89182.5824560548,102639.33093249513
2016-04-15,102382.76779504395,91159.0796597901,89164.57708496106,102621.32556140138
2016-04-18,102282.31540246583,91251.33185705573,89267.0795263673,102723.82800280763
2016-04-19,102949.2106661377,90638.87702307136,88586.57415527356,102043.32263171388
2016-04-20,103265.7487520752,90348.17878088386,88263.57610839856,101720.32458483888
2016-04-21,103344.14157434083,90276.18537268073,88183.5834326173,101640.33190905763
2016-04-22,102809.06540246583,90767.58185705573,88729.5795263673,102186.32800280763
2016-04-25,102813.97018762208,90763.07746252448,88724.5746435548,102181.32311999513
2016-04-26,102628.25827355958,90933.62922033698,88914.0765966798,102370.82507312013
2016-04-27,102819.84396691895,90757.6831754151,88718.58099121106,102175.32946765138
2016-04-28,102988.89157434083,90602.43537268073,88546.0834326173,102002.83190905763
2016-04-29,102041.23923059083,91472.72834143073,89513.0756201173,102969.82409655763
2016-05-02,101526.2487520752,91945.67878088386,90038.57610839856,103495.32458483888
2016-05-03,102316.6130098877,91219.83405432136,89232.08196777356,104198.55372302249
2016-05-04,101431.68210168458,92032.52570471198,90135.0726904298,104997.4729490967
2016-05-05,100831.43210168458,92583.77570471198,90747.5726904298,105609.9729490967
2016-05-06,100807.41061730958,92605.83625158698,90772.0844091798,105634.4846678467
2016-05-09,101126.4010958252,92312.88581213386,90446.58392089856,105308.98417956545
2016-05-10,101202.35348840333,92243.13361486823,90369.0814794923,105231.4817381592
2016-05-11,102461.6510958252,91086.63581213386,89084.08392089856,103946.48417956545
2016-05-12,101485.08444543458,91983.48273596198,90080.5805029298,104942.9807615967
2016-05-13,101467.94162316895,91999.2261441651,90098.07317871106,104960.47343737795
2016-05-16,100610.43564172364,92786.73163732917,90973.07928222668,105835.47954089358
2016-05-17,101592.88205285645,91884.4849332276,89970.58294433606,104832.98320300295
2016-05-18,100639.83444543458,92759.73273596198,90943.0805029298,105805.4807615967
2016-05-19,100660.41659875489,92740.83075842292,90922.07830566418,105784.47856433108
2016-05-20,100288.50827355958,93082.37922033698,91301.5765966798,106163.9768553467
2016-05-23,100890.22970910645,92529.7779019776,90687.57513183606,105549.97539050295
2016-05-24,100680.50827355958,92722.37922033698,90901.5765966798,105763.9768553467
2016-05-25,102053.48923059083,91461.47834143073,89500.5756201173,104362.9758787842
2016-05-26,102763.00827355958,90809.87922033698,88776.5765966798,103638.9768553467
2016-05-27,102741.45114465333,90829.67658361823,88798.5736669923,103660.9739256592
2016-05-31,103180.48923059083,90426.47834143073,88350.5756201173,103212.9758787842
2016-06-01,103077.09396691895,90521.4331754151,88456.08099121106,103318.48124987795
2016-06-02,103193.72018762208,90414.32746252448,88337.0746435548,103199.4749022217
2016-06-03,103484.2868380127,90147.48053869636,88040.57806152356,102902.97832019045
2016-06-06,103183.91061730958,90423.33625158698,88347.0844091798,103209.4846678467
2016-06-07,103687.63205285645,89960.7349332276,87833.08294433606,102695.48320300295
2016-06-08,103820.91061730958,89838.33625158698,87697.0844091798,102559.4846678467
2016-06-09,104163.43210168458,89523.77570471198,87347.5726904298,102209.9729490967
2016-06-10,103985.06540246583,89687.58185705573,87529.5795263673,102391.9797850342
2016-06-13,103033.97970910645,90561.0279019776,88500.07513183606,103362.47539050295
2016-06-14,102200.48923059083,91326.47834143073,89350.5756201173,104212.9758787842
2016-06-15,102017.22970910645,91494.7779019776,89106.17550781264,104399.97539050295
2016-06-16,101830.04635949708,91666.68097814948,89179.4549360353,104105.20596911623
2016-06-17,102148.05588098145,91374.6314176026,88906.87534619155,103677.13145739748
2016-06-20,101816.3249239502,91679.28229650886,89191.21616650405,104015.63243395998
2016-06-21,102405.79635949708,91137.93097814948,88685.9549360353,103414.13096911623
2016-06-22,102682.64157434083,90883.68537268073,88448.6590375978,103131.63585192873
2016-06-23,102513.59396691895,91038.9331754151,88593.55698681655,103304.13341052248
2016-06-24,103879.22970910645,89784.7779019776,87423.01206494155,101910.62755114748
2016-06-27,100159.63803430177,93200.72944006354,90611.23350048842,105706.12926013186
2016-06-28,98353.00827355958,94859.87922033698,92159.7732954103,107549.62901599123
2016-06-29,100094.95468469239,93260.13251623542,90666.67637158217,105772.1326781006
2016-06-30,101794.27731652833,91699.53009924323,89210.1141157228,104038.12999255373
2016-07-01,103170.69162316895,90435.4761441651,88030.33042431655,102633.62559802248
2016-07-05,103371.09396691895,90251.4331754151,87858.55698681655,102429.13341052248
2016-07-06,102665.4987520752,90899.42878088386,88463.35288525405,103149.12852770998
2016-07-07,103213.31540246583,90396.33185705573,87993.7957563478,102590.13194567873
2016-07-08,103123.64157434083,90478.68537268073,88070.6590375978,102681.63585192873
2016-07-11,104691.64157434083,89038.68537268073,86726.6590375978,101081.63585192873
2016-07-12,105047.38205285645,88711.9849332276,86421.73862744155,100718.63536364748
2016-07-13,105781.4010958252,88037.88581213386,85792.57944775405,99969.63634020998
2016-07-14,105795.6130098877,88024.83405432136,85780.39780712905,99955.13438708498
2016-07-15,106350.29635949708,87515.43097814948,85304.9549360353,99389.13096911623
2016-07-18,106251.80588098145,87605.8814176026,85389.37534619155,99489.63145739748
2016-07-19,106504.1510958252,87374.13581213386,85173.07944775405,99232.13634020998
2016-07-20,106351.76779504395,87514.0796597901,85303.69370556655,99387.62950427248
2016-07-21,106804.52731652833,87098.28009924323,84915.6141157228,98925.62999255373
2016-07-22,106419.87253137208,87451.53449377448,85245.3182172853,99318.13487536623
2016-07-25,106903.01779504395,87007.8296597901,84831.19370556655,98825.12950427248
2016-07-26,106582.06540246583,87302.58185705573,85106.2957563478,99152.63194567873
2016-07-27,106616.3630098877,87271.08405432136,85076.89780712905,99117.63438708498
2016-07-28,106488.97018762208,87388.07746252448,85186.0916547853,99247.62706286623
2016-07-29,106659.48923059083,87231.47834143073,85039.9324750978,99073.62803942873
2016-08-01,106832.95114465333,87072.17658361823,84891.2508344728,98896.62608630373
2016-08-02,106697.7106661377,87196.37702307136,85007.17124462905,99034.62657458498
2016-08-03,106021.01779504395,87817.8296597901,85587.19370556655,99725.12950427248
2016-08-04,106352.25827355958,87513.62922033698,85303.2732954103,99387.12901599123
2016-08-05,106374.79635949708,87492.93097814948,85283.9549360353,99364.13096911623
2016-08-08,107287.18210168458,86655.02570471198,84501.9100141603,98433.12510974123
2016-08-09,107190.1510958252,86744.13581213386,84585.07944775405,98532.13634020998
2016-08-10,107231.80588098145,86705.8814176026,84549.37534619155,98489.63145739748
2016-08-11,106925.55588098145,86987.1314176026,84811.87534619155,98802.13145739748
2016-08-12,107430.25827355958,86523.62922033698,84379.2732954103,98287.12901599123
2016-08-15,107344.9987520752,86601.92878088386,84452.35288525405,98374.12852770998
2016-08-16,107643.89157434083,86327.43537268073,84196.1590375978,98069.13585192873
2016-08-17,107055.89157434083,86867.43537268073,84700.1590375978,98669.13585192873
2016-08-18,107255.3249239502,86684.28229650886,84529.21616650405,98465.63243395998
2016-08-19,107490.52731652833,86468.28009924323,84327.6141157228,98225.62999255373
2016-08-22,107336.18210168458,86610.02570471198,84459.9100141603,98383.12510974123
2016-08-23,107275.9010958252,86665.38581213386,84511.57944775405,98444.63634020998
2016-08-24,107484.64157434083,86473.68537268073,84332.6590375978,98231.63585192873
2016-08-25,106923.10348840333,86989.38361486823,84813.9773969728,98804.63389880373
2016-08-26,106777.5749239502,87123.03229650886,84938.71616650405,98953.13243395998
2016-08-29,106609.50827355958,87277.37922033698,84720.22250366225,99124.62901599123
2016-08-30,107165.16061730958,86767.08625158698,84193.37603588881,98557.63682849123
2016-08-31,106956.43210168458,86958.77570471198,84359.50689526381,98770.62510974123
2016-09-01,106703.09396691895,87191.4331754151,84561.14336987319,99029.13341052248
2016-09-02,106698.69162316895,87195.4761441651,84564.64727612319,99033.62559802248
2016-09-06,107145.56540246583,86785.08185705573,84208.97222729506,98577.63194567873
2016-09-07,107464.06540246583,86492.58185705573,83955.47222729506,98252.63194567873
2016-09-08,107448.38205285645,86506.9849332276,83967.95489331069,98268.63536364748
2016-09-09,107210.2487520752,86725.67878088386,84157.48956127944,98511.62852770998
2016-09-12,104589.23923059083,89132.72834143073,82041.98053051773,101186.12803942873
2016-09-13,106119.50827355958,90325.91732824715,80774.38449047867,99624.62901599123
2016-09-14,104550.52731652833,91550.21748742684,81991.14523266617,101225.62999255373
2016-09-15,104489.27731652833,91601.46748742684,82038.64523266617,101288.12999255373
2016-09-16,105542.2868380127,90720.37788781746,81222.02560375992,100213.63048083498
2016-09-19,105145.38205285645,91052.48189172371,81529.82931469742,100618.63536364748
2016-09-20,105143.43210168458,91054.11348352059,81531.34152172867,100620.62510974123
2016-09-21,105174.7868380127,91027.87788781746,81507.02560375992,100551.66064294436
2016-09-22,106319.43210168458,90070.11348352059,80619.34152172867,101626.22558435061
2016-09-23,107008.3630098877,89493.66109094246,80085.06857250992,100863.74765954592
2016-09-26,106396.35348840333,90005.75069055184,80559.68820141617,101450.77720056154
2016-09-27,105485.45114465333,90767.93428430184,81266.10226391617,102324.49985681154
2016-09-28,106163.1130098877,90200.91109094246,80740.56857250992,101674.49765954592
2016-09-29,106723.68210168458,89731.86348352059,80305.84152172867,101136.80893884279
2016-09-30,105731.91061730958,90561.71309289559,81074.97042797867,102088.09995446779
2016-10-03,106571.77731652833,89858.96748742684,80423.64523266617,101282.51352868654
2016-10-04,106225.34396691895,90148.84029016121,80692.30783032242,101614.80674157717
2016-10-05,105700.55588098145,90587.94868859871,81099.28634594742,102118.17490563967
2016-10-06,106153.31540246583,90209.10908898934,80748.16671704117,101683.89536462404
2016-10-07,106204.27731652833,90166.46748742684,80708.64523266617,101635.01352868654
2016-10-10,105859.80588098145,90454.69868859871,80975.78634594742,101965.42490563967
2016-10-11,106345.88205285645,90047.98189172371,80598.82931469742,101499.18857751467
2016-10-12,105026.31540246583,91152.10908898934,81622.16671704117,102764.89536462404
2016-10-13,105146.3630098877,91051.66109094246,81529.06857250992,102649.74765954592
2016-10-14,104821.4987520752,91323.48628625496,81781.00411938492,102961.35215173342
2016-10-17,104842.56540246583,91305.85908898934,81764.66671704117,102941.14536462404
2016-10-18,104525.04635949708,91571.53828820809,82010.90597485367,103245.70444665529
2016-10-19,105166.95114465333,91034.43428430184,82427.90268579117,102629.99985681154
2016-10-20,105396.75827355958,90842.14668664559,82168.38010864274,102409.57261071779
2016-10-21,105252.2106661377,90963.09468469246,82280.47825317399,102548.22031579592
2016-10-24,105243.38205285645,90970.48189172371,82287.32493286149,102556.68857751467
2016-10-25,105741.72018762208,90553.50508508309,81900.85862426774,102078.69077478029
2016-10-26,105341.38205285645,90888.48189172371,81508.64177270525,102462.68857751467
2016-10-27,105158.6130098877,91041.41109094246,81568.9409538576,102637.99765954592
2016-10-28,104845.50827355958,91303.39668664559,81811.75687182635,102938.32261071779
2016-10-31,104520.63205285645,91575.23189172371,81478.75652612324,102517.6905950928
2016-11-01,104507.89157434083,91585.89229211434,81468.87615502949,102505.2101263428
2016-11-02,103800.8249239502,92177.51948937996,81936.41986108417,103095.7916497803
2016-11-03,103125.60348840333,92742.50069055184,82460.06097436542,102332.98768493655
2016-11-04,102670.88205285645,93122.98189172371,82016.32017407246,102677.72797399905
2016-11-07,102500.3630098877,93265.66109094246,82070.58167578145,102844.76703649905
2016-11-08,104771.02731652833,95212.87704113778,83796.52308618184,105013.25752648928
2016-11-09,105164.98923059083,94765.3284415284,83399.83228198261,104514.85113146974
2016-11-10,106326.2868380127,93722.5305899659,82475.53418627949,103353.55352404786
2016-11-11,106533.06540246583,93536.8518790284,82310.95532885761,103146.77495959474
2016-11-14,106384.59396691895,93670.1731680909,82429.12647143574,103295.24639514161
2016-11-15,106372.34396691895,93681.1731680909,82438.87647143574,103307.49639514161
2016-11-16,107165.6510958252,92968.8157462159,81807.46875659199,102514.18926623536
2016-11-17,106996.60348840333,93120.6135977784,81942.01685229511,102683.23687365724
2016-11-18,107495.43210168458,92672.6858634034,81544.98999682636,102184.40826037599
2016-11-21,107239.64157434083,92902.3753165284,81748.57837573261,102440.19878771974
2016-11-22,108037.3630098877,92186.0540274659,81113.65723315449,101642.47735217286
2016-11-23,108270.60348840333,91976.6135977784,80928.01685229511,101409.23687365724
2016-11-25,108357.8249239502,91898.2923087159,80858.59570971699,101322.01543811036
2016-11-28,108780.70114465333,91518.5667227784,80522.02075854511,100899.13921740724
2016-11-29,108210.8249239502,92030.2923087159,80975.59570971699,101469.01543811036
2016-11-30,108354.88205285645,91900.9348868409,81002.17168139668,101324.95830920411
2016-12-01,108068.23923059083,92158.3284415284,81133.39865112324,101611.60113146974
2016-12-02,107689.47018762208,92498.4475821534,81411.67794799824,101990.37017443849
2016-12-05,107732.09396691895,92460.1731680909,81380.36251831074,101947.74639514161
2016-12-06,108357.33444543458,91898.7327384034,80921.00216674824,101322.50591662599
2016-12-07,108725.81540246583,91567.8518790284,80650.28146362324,100954.02495959474
2016-12-08,110152.70114465333,90286.5667227784,79601.95724487324,99527.13921740724
2016-12-09,110389.85348840333,90073.6135977784,79427.72286987324,99289.98687365724
2016-12-12,111043.51779504395,89486.6497305909,79816.0092980959,98636.32256701661
2016-12-13,110917.58444543458,89599.7327384034,79826.87813964863,98762.25591662599
2016-12-14,111640.8249239502,88950.2923087159,80264.4848828127,98039.01543811036
2016-12-15,110737.26779504395,89761.6497305909,80830.37263305685,98942.57256701661
2016-12-16,111166.01779504395,89376.6497305909,81057.75783203146,98513.82256701661
2016-12-19,110971.97970910645,89550.8880118409,80919.15919921896,98707.86065295411
2016-12-20,111190.51779504395,89354.6497305909,81075.25783203146,98489.32256701661
2016-12-21,111593.7868380127,88992.5305899659,80708.01996459982,98086.05352404786
2016-12-22,111320.3630098877,89238.0540274659,80903.32269897482,98359.47735217286
2016-12-23,111113.58444543458,89423.7327384034,80676.34242675803,98566.25591662599
2016-12-27,111252.25827355958,89299.2093009034,80775.39516113303,98427.58208850099
2016-12-28,111501.66061730958,89075.2561759034,80518.01797851584,98178.17974475099
2016-12-29,110572.62253137208,89909.4944571534,79775.00854980492,99107.21783068849
2016-12-30,110540.2868380127,89938.5305899659,79719.35827636742,98979.1852213135
2017-01-03,110029.22018762208,90397.4475821534,80084.4058837893,98520.268229126
2017-01-04,110960.22018762208,89561.4475821534,79419.4058837893,99356.268229126
2017-01-05,111593.29635949708,88992.9710196534,78967.2086181643,98688.44714318849
2017-01-06,111507.54635949708,89069.9710196534,79028.4586181643,98765.44714318849
2017-01-09,111898.56540246583,88718.8518790284,78749.15930175805,98414.32800256349
2017-01-10,111502.64157434083,89074.3753165284,78397.01932617211,98769.85144006349
2017-01-11,111502.64157434083,89074.3753165284,78397.01932617211,98769.85144006349
2017-01-12,111817.22970910645,88791.8880118409,78615.30497070336,98487.36413537599
2017-01-13,111578.10348840333,89006.6135977784,78703.8684047854,98702.08972131349
2017-01-17,111783.9010958252,88821.8157462159,78561.07006494165,98517.29186975099
2017-01-18,111453.1510958252,89118.8157462159,78790.57006494165,98814.29186975099
2017-01-19,111649.1510958252,88942.8157462159,78654.57006494165,98638.29186975099
2017-01-20,111247.35348840333,89303.6135977784,78933.3684047854,98999.08972131349
2017-01-23,111620.73923059083,88968.3284415284,78674.2844204104,98663.80456506349
2017-01-24,111321.34396691895,89237.1731680909,78882.02807275415,98932.64929162599
2017-01-25,112049.97970910645,88582.8880118409,78376.44408837915,98278.36413537599
2017-01-26,112946.68210168458,87777.6858634034,77754.2424282229,97473.16198693849
2017-01-27,112863.8630098877,87852.0540274659,77811.70873681665,97547.53015100099
2017-01-30,112766.35348840333,87939.6135977784,77879.3684047854,97635.08972131349
2017-01-31,112090.64157434083,88546.3753165284,78348.2297329104,98241.85144006349
2017-02-01,111991.18210168458,88635.6858634034,78417.2424282229,98331.16198693849
2017-02-02,112024.4987520752,88605.7688712159,78394.12475244165,98301.24499475099
2017-02-03,112088.20114465333,88548.5667227784,78349.9230922854,98244.04284631349
2017-02-06,112900.12253137208,87819.4944571534,77786.5490688479,97514.97058068849
2017-02-07,112661.98923059083,88033.3284415284,77951.7844204104,97728.80456506349
2017-02-08,112687.47018762208,88010.4475821534,77934.1037563479,97705.92370568849
2017-02-09,112765.37253137208,87940.4944571534,77880.0490688479,97635.97058068849
2017-02-10,113412.18210168458,87359.6858634034,77431.2424282229,97055.16198693849
2017-02-13,113815.45114465333,86997.5667227784,77151.4230922854,96693.04284631349
2017-02-14,114410.79635949708,86462.9710196534,76738.3264125979,96158.44714318849
2017-02-15,114867.97018762208,86052.4475821534,76421.1037563479,95747.92370568849
2017-02-16,115439.79635949708,85538.9710196534,76024.3264125979,95234.44714318849
2017-02-17,115340.3249239502,85628.2923087159,76093.34740869165,95323.76843225099
2017-02-21,115533.38205285645,85454.9348868409,75959.38940087915,95150.41101037599
2017-02-22,116230.16061730958,84829.2561759034,75475.9103969729,94524.73229943849
2017-02-23,116104.72970910645,84941.8880118409,75562.94408837915,94637.36413537599
2017-02-24,116153.23923059083,84898.3284415284,75529.2844204104,94593.80456506349
2017-02-27,116326.2106661377,84743.0071524659,75409.26342431665,94438.48327600099
2017-02-28,116444.29635949708,84636.9710196534,75327.3264125979,94332.44714318849
2017-03-01,116144.9010958252,84905.8157462159,75535.07006494165,94601.29186975099
2017-03-02,117728.58444543458,83483.7327384034,74436.1877407229,93179.20886193849
2017-03-03,117040.62253137208,84101.4944571534,74913.5490688479,93796.97058068849
2017-03-06,117099.43210168458,84048.6858634034,74872.7424282229,93744.16198693849
2017-03-07,116716.73923059083,84392.3284415284,74556.75388818384,94087.80456506349
2017-03-08,116377.6510958252,84696.8157462159,74342.22874169947,94392.29186975099
2017-03-09,116112.56540246583,84934.8518790284,74174.52146630884,94088.93809167483
2017-03-10,116205.18210168458,84851.6858634034,74233.11570459009,94162.65342370608
2017-03-13,116583.95114465333,84511.5667227784,73920.17533642604,93768.95425085453
2017-03-14,116626.5749239502,84473.2923087159,73873.59079785184,93710.34789587407
2017-03-15,116233.59396691895,84826.1731680909,73624.97019238309,93397.56713415532
2017-03-16,117204.2868380127,83954.5305899659,74239.08200878934,94170.15941931157
2017-03-17,117014.16061730958,84125.2561759034,74118.79807324246,94228.45923010258
2017-03-20,116860.79635949708,84262.9710196534,74021.77170605496,94350.52465979008
2017-03-21,116626.5749239502,84473.2923087159,73873.59079785184,94071.35176721196
2017-03-22,115183.52731652833,85769.0901602784,74712.96171508815,92922.80367150884
2017-03-23,115400.59396691895,85574.1731680909,74777.62497534207,93095.57100549321
2017-03-24,115278.58444543458,85683.7327384034,74700.43527807645,92998.46138635259
2017-03-27,115181.56540246583,85770.8518790284,74639.0558835452,92984.18818615728
2017-03-28,115064.4606661377,85876.0071524659,74564.96921362332,92799.56715637213
2017-03-29,115896.47970910645,85128.8880118409,73966.00052636745,92046.02590466314
2017-03-30,116021.91061730958,85016.2561759034,73886.64627832058,91946.19314099126
2017-03-31,116361.48923059083,84711.3284415284,73671.81082910183,91675.91628552251
2017-04-03,116099.8249239502,84946.2923087159,73837.3535537112,91884.17971325689
2017-04-04,115909.7106661377,85117.0071524659,73643.8328674319,92035.49514294439
2017-04-05,115974.38205285645,85058.9348868409,73684.74741821316,91984.02199841314
2017-04-06,115621.09396691895,85376.1731680909,73835.09125000026,92265.21047497564
2017-04-07,115843.55588098145,85176.4114493409,73694.35003906276,92088.14895153814
2017-04-10,115748.00827355958,85262.2093009034,73754.79852539088,92164.19704724126
2017-04-11,115827.38205285645,85190.9348868409,73704.58246093776,92101.02199841314
2017-04-12,115661.76779504395,85339.6497305909,73809.35882812526,92232.83742810064
2017-04-13,115228.1130098877,85729.0540274659,74083.71185546901,92577.99123669439
2017-04-17,114445.09396691895,86432.1731680909,74579.09125000026,93201.21047497564
2017-04-18,115428.0368380127,85549.5305899659,73957.22943359401,92418.86818981939
2017-04-19,115093.85348840333,85849.6135977784,74168.65155273463,92684.85085583501
2017-04-20,114896.87253137208,86026.4944571534,74293.27215820338,92841.63161755376
2017-04-21,115762.7106661377,85249.0071524659,73745.49701171901,93439.57946521002
2017-04-24,115412.35348840333,85563.6135977784,73967.15155273463,93626.5574146729
2017-04-25,116659.89157434083,84443.3753165284,73177.89276367213,92633.6189381104
2017-04-26,117368.44162316895,83807.1262930909,72729.62640625026,92069.67094006353
2017-04-27,117311.59396691895,83858.1731680909,72765.59125000026,92114.91703381353
2017-04-28,117376.27731652833,83800.0901602784,72724.66913085963,92063.4343677979
2017-05-01,117152.34396691895,84001.1731680909,72866.34125000026,92241.66703381353
2017-05-02,117354.72018762208,83819.4475821534,72738.30731445338,92080.59208264165
2017-05-03,117493.87253137208,83694.4944571534,72650.27215820338,91969.83817639165
2017-05-04,117344.91061730958,83828.2561759034,72744.51336914088,92088.39969982915
2017-05-05,117413.02731652833,83767.0901602784,72701.41913085963,92034.1843677979
2017-05-08,117891.75827355958,83337.2093009034,72398.54852539088,91653.15360607915
2017-05-09,117896.16061730958,83333.2561759034,72395.76336914088,91649.64969982915
2017-05-10,117775.62253137208,83441.4944571534,72472.02215820338,91745.58817639165
2017-05-11,117908.41061730958,83322.2561759034,72388.01336914088,91639.89969982915
2017-05-12,117654.10348840333,83550.6135977784,72548.90155273463,91842.3074146729
2017-05-15,117480.64157434083,83706.3753165284,72370.86718261745,91980.3689381104
2017-05-16,118040.22970910645,83203.8880118409,71956.53520507838,91534.98246350103
2017-05-17,117959.37253137208,83276.4944571534,72006.03959960963,91599.33817639165
2017-05-18,115821.01779504395,85196.6497305909,73315.23637695338,93301.29398693853
2017-05-19,116246.8249239502,84814.2923087159,73054.53813476588,93548.27753063971
2017-05-22,117031.31540246583,84109.8518790284,72574.23784179713,92831.62407092292
2017-05-23,117633.52731652833,83569.0901602784,72205.53666992213,92352.31254748542
2017-05-24,117849.12253137208,83375.4944571534,72073.53959960963,92180.71635607917
2017-05-25,118141.6510958252,83112.8157462159,71894.44047851588,91947.88749865729
2017-05-26,118664.97970910645,82642.8880118409,71574.03520507838,91531.36064318854
2017-05-30,118701.72970910645,82609.8880118409,71551.53520507838,91502.11064318854
2017-05-31,118559.13205285645,82737.9348868409,71638.83989257838,91615.60673693854
2017-06-01,118504.7487520752,82786.7688712159,71672.13579101588,91658.89140490729
2017-06-02,119399.48923059083,81983.3284415284,71124.33549804713,90946.75102404792
2017-06-05,119840.97970910645,81586.8880118409,70854.03520507838,90595.36064318854
2017-06-06,119695.45114465333,81717.5667227784,70943.13432617213,90711.18950061042
2017-06-07,119363.72018762208,82015.4475821534,71146.23491210963,90975.22026232917
2017-06-08,119550.4010958252,81847.8157462159,71031.94047851588,90826.63749865729
2017-06-09,119582.25827355958,81819.2093009034,71012.43608398463,90801.28178576667
2017-06-12,119483.27731652833,81908.0901602784,71073.03666992213,90880.06254748542
2017-06-13,119366.6510958252,82012.8157462159,71144.44047851588,90972.88749865729
2017-06-14,119903.70114465333,81530.5667227784,70815.63432617213,90545.43950061042
2017-06-15,119784.62253137208,81637.4944571534,70888.53959960963,90640.21635607917
2017-06-16,119517.08444543458,81877.7327384034,71052.33842773463,90853.15483264167
2017-06-19,119550.89157434083,81847.3753165284,71031.64018554713,90826.24711779792
2017-06-20,120546.08444543458,80953.7327384034,70422.33842773463,90034.15483264167
2017-06-21,119741.01779504395,81676.6497305909,70915.23637695338,90674.92216662604
2017-06-22,119671.44162316895,81739.1262930909,70957.83403320338,90730.29911975104
2017-06-23,119617.04635949708,81787.9710196534,70991.13725585963,90773.59330920417
2017-06-26,119803.2487520752,81620.7688712159,70877.13579101588,90625.39140490729
2017-06-27,119840.97970910645,81586.8880118409,70854.03520507838,90595.36064318854
2017-06-28,118876.16061730958,82453.2561759034,71444.74077148463,91363.27787951667
2017-06-29,119920.35348840333,81515.6135977784,70805.43901367213,90532.18559436042
2017-06-30,118891.84396691895,82439.1731680909,71435.13872070338,91350.79521350104
2017-07-03,119073.63205285645,82275.9348868409,71323.83989257838,91206.10673693854
2017-07-05,119348.0368380127,82029.5305899659,71155.83696289088,90987.70292834479
2017-07-06,119521.00827355958,81874.2093009034,71049.93608398463,90850.03178576667
2017-07-07,118404.29635949708,82876.9710196534,71733.63725585963,91738.84330920417
2017-07-10,119160.3630098877,82198.0540274659,71270.73930664088,91137.07597521979
2017-07-11,119270.6130098877,82099.0540274659,71203.23930664088,91049.32597521979
2017-07-12,119177.51779504395,82182.6497305909,71260.23637695338,91123.42216662604
2017-07-13,120045.79635949708,81402.9710196534,70728.63725585963,90432.34330920417
2017-07-14,120270.22018762208,81201.4475821534,70591.23491210963,90253.72026232917
2017-07-17,120830.77731652833,80698.0901602784,70248.03666992213,89807.56254748542
2017-07-18,120824.4010958252,80703.8157462159,70251.94047851588,89812.63749865729
2017-07-19,120896.44162316895,80639.1262930909,70207.83403320338,89755.29911975104
2017-07-20,121544.22018762208,80057.4475821534,69811.23491210963,89239.72026232917
2017-07-21,121525.59396691895,80074.1731680909,69822.63872070338,89254.54521350104
2017-07-24,121481.00827355958,80114.2093009034,69849.93608398463,89290.03178576667
2017-07-25,121352.13205285645,80229.9348868409,69928.83989257838,89392.60673693854
2017-07-26,121705.91061730958,79912.2561759034,69712.24077148463,89111.02787951667
2017-07-27,121740.22018762208,79881.4475821534,69691.23491210963,89083.72026232917
2017-07-28,121622.12253137208,79987.4944571534,69763.53959960963,89177.71635607917
2017-07-31,121459.45114465333,80133.5667227784,69863.13432617213,89307.18950061042
2017-08-01,121371.2487520752,80212.7688712159,69917.13579101588,89377.39140490729
2017-08-02,121667.70114465333,79946.5667227784,69735.63432617213,89141.43950061042
2017-08-03,121727.47970910645,79892.8880118409,69699.03520507838,89093.86064318854
2017-08-04,121462.38205285645,80130.9348868409,69861.33989257838,89304.85673693854
2017-08-07,121691.22018762208,79925.4475821534,69721.23491210963,89122.72026232917
2017-08-08,121891.13205285645,79745.9348868409,69598.83989257838,88963.60673693854
2017-08-09,121597.62253137208,80009.4944571534,69778.53959960963,89197.21635607917
2017-08-10,121553.52731652833,80049.0901602784,69805.53666992213,89232.31254748542
2017-08-11,119798.83444543458,81624.7327384034,70879.83842773463,87854.0857174073
2017-08-14,119951.22970910645,81487.8880118409,70786.53520507838,87966.0495845948
2017-08-15,121152.7106661377,80409.0071524659,70050.93461914088,86995.44135900887
2017-08-16,121092.44162316895,80463.1262930909,70087.83403320338,87039.72065588387
2017-08-17,121263.94162316895,80309.1262930909,69982.83403320338,86913.72065588387
2017-08-18,119397.0368380127,81985.5305899659,71125.83696289088,88285.32417150887
2017-08-21,119178.4987520752,82181.7688712159,71259.63579101588,88037.28521740732
2017-08-22,119316.68210168458,82057.6858634034,71175.03374023463,88138.80767834482
2017-08-23,120499.5368380127,80995.5305899659,70450.83696289088,87182.35022131357
2017-08-24,120084.50827355958,81368.2093009034,70704.93608398463,87487.26916662607
2017-08-25,119836.0749239502,81591.2923087159,70857.03813476588,87669.79162756357
2017-08-28,120035.9987520752,81411.7688712159,70734.63579101588,87522.90881506357
2017-08-29,120094.30588098145,81359.4114493409,70698.93754882838,87480.07092443857
2017-08-30,120195.2487520752,81268.7688712159,70637.13579101588,87405.90881506357
2017-08-31,120748.4606661377,80772.0071524659,70298.43461914088,86999.46740881357
2017-09-01,121437.39157434083,80153.3753165284,69876.64018554713,86493.31408850107
2017-09-05,121677.4987520752,79937.7688712159,69729.63579101588,86316.90881506357
2017-09-06,120761.20114465333,80760.5667227784,70290.63432617213,86990.10705725107
2017-09-07,121138.00827355958,80422.2093009034,70059.93608398463,86713.26916662607
2017-09-08,121116.45114465333,80441.5667227784,70073.13432617213,86729.10705725107
2017-09-11,120936.6130098877,80603.0540274659,70183.23930664088,86861.23303381357
2017-09-12,122243.94162316895,79429.1262930909,69382.83403320338,85900.74670568857
2017-09-13,122654.06540246583,79060.8518790284,69131.73784179713,85599.43127600107
2017-09-14,122746.68210168458,78977.6858634034,69075.03374023463,85531.38635412607
2017-09-15,122611.93210168458,79098.6858634034,69157.53374023463,85630.38635412607
2017-09-18,122837.81540246583,78895.8518790284,69019.23784179713,85464.43127600107
2017-09-19,123016.18210168458,78735.6858634034,68910.03374023463,85333.38635412607
2017-09-20,123152.39157434083,78613.3753165284,68826.64018554713,85233.31408850107
2017-09-21,123230.30588098145,78543.4114493409,68778.93754882838,85176.07092443857
2017-09-22,122855.95114465333,78879.5667227784,69008.13432617213,85451.10705725107
2017-09-25,122935.3249239502,78808.2923087159,68959.53813476588,85392.79162756357
2017-09-26,122662.88205285645,79052.9348868409,69126.33989257838,85592.95373693857
2017-09-27,122671.7106661377,79045.0071524659,69120.93461914088,85586.46740881357
2017-09-28,123171.50827355958,78596.2093009034,68814.93608398463,85219.26916662607
2017-09-29,123319.48923059083,78463.3284415284,68724.33549804713,85110.54846350107
2017-10-02,123775.19162316895,78054.1262930909,68445.33403320338,84775.74670568857
2017-10-03,124253.43210168458,77624.6858634034,68152.53374023463,84424.38635412607
2017-10-04,124520.97018762208,77384.4475821534,67988.73491210963,84227.82776037607
2017-10-05,124675.80588098145,77245.4114493409,67893.93754882838,84114.07092443857
2017-10-06,125377.97970910645,76614.8880118409,67464.03520507838,83598.18811193857
2017-10-09,125243.72018762208,76735.4475821534,67546.23491210963,83696.82776037607
2017-10-10,125018.31540246583,76937.8518790284,67684.23784179713,83862.43127600107
2017-10-11,125307.9010958252,76677.8157462159,67506.94047851588,83649.67444006357
2017-10-12,125533.30588098145,76475.4114493409,67368.93754882838,83484.07092443857
2017-10-13,125322.1130098877,76665.0540274659,67498.23930664088,83639.23303381357
2017-10-16,125431.87253137208,76566.4944571534,67490.15487451198,83558.59338537607
2017-10-17,125650.9010958252,76369.8157462159,67307.55321826198,83397.67444006357
2017-10-18,125735.19162316895,76294.1262930909,67285.78016699245,83335.74670568857
2017-10-19,125828.2868380127,76210.5305899659,67169.83934326198,83267.35022131357
2017-10-20,125869.45114465333,76173.5667227784,67147.99705810573,83237.10705725107
2017-10-23,126511.83444543458,75596.7327384034,67422.23890087917,82765.15197912607
2017-10-24,126010.56540246583,76046.8518790284,67621.26293408229,83133.43127600107
2017-10-25,126213.91061730958,75864.2561759034,67662.47091552762,82984.03479162607
2017-10-26,125626.89157434083,76391.3753165284,67350.99142334012,83415.31408850107
2017-10-27,125786.14157434083,76248.3753165284,67200.00552587918,83298.31408850107
2017-10-30,126798.97970910645,75338.8880118409,67670.85944482451,82554.18811193857
2017-10-31,126395.22018762208,75701.4475821534,67817.99136914093,82850.82776037607
2017-11-01,126514.2868380127,75594.5305899659,67814.27600976593,82763.35022131357
2017-11-02,126715.19162316895,75414.1262930909,67920.87854882843,82615.74670568857
2017-11-03,126739.20114465333,75392.5667227784,67933.61829492218,82598.10705725107
2017-11-06,127130.7106661377,75041.0071524659,68141.35804101593,82310.46740881357
2017-11-07,127291.91061730958,74896.2561759034,67988.53953076203,82192.03479162607
2017-11-08,127267.9010958252,74917.8157462159,68001.27927685578,82209.67444006357
2017-11-09,127451.16061730958,74753.2561759034,67904.03953076203,82075.03479162607
2017-11-10,126972.93210168458,75182.6858634034,67582.83174755893,82426.38635412607
2017-11-13,126859.2487520752,75284.7688712159,67522.50997021518,82509.90881506357
2017-11-14,126983.7106661377,75173.0071524659,67588.55098584018,82418.46740881357
2017-11-15,126691.18210168458,75435.6858634034,67676.56438183627,82633.38635412607
2017-11-16,125992.93210168458,76062.6858634034,67239.0137587894,83146.38635412607
2017-11-17,127022.9010958252,75137.8157462159,66625.81947558626,82389.67444006357
2017-11-20,126690.20114465333,75436.5667227784,66802.35414355501,82634.10705725107
2017-11-21,126851.4010958252,75291.8157462159,66716.81947558626,82515.67444006357
2017-11-22,127679.01779504395,74548.6497305909,66277.67592089876,81907.62951818857
2017-11-24,127583.47018762208,74634.4475821534,66328.37465136751,81977.82776037607
2017-11-27,127845.12253137208,74399.4944571534,66189.53871386751,81785.59338537607
2017-11-28,127796.12253137208,74443.4944571534,66215.53871386751,81821.59338537607
2017-11-29,129051.50827355958,73316.2093009034,65549.41566699251,80899.26916662607
2017-11-30,129003.97970910645,73358.8880118409,65574.63490527376,80934.18811193857
2017-12-01,130057.97018762208,72412.4475821534,65015.37465136752,80159.82776037607
2017-12-04,129795.3249239502,72648.2923087159,65154.73744433627,80352.79162756357
2017-12-05,129659.10348840333,72770.6135977784,65227.01820605502,80452.87268225107
2017-12-06,129175.47970910645,73204.8880118409,65483.63490527377,80808.18811193857
2017-12-07,129160.77731652833,73218.0901602784,65491.43617480502,80818.98986975107
2017-12-08,129538.56540246583,72878.8518790284,65290.97719043002,80541.43127600107
2017-12-11,130250.04635949708,72239.9710196534,64913.45668261752,80018.71057287607
2017-12-12,130666.05588098145,71866.4114493409,64692.71693652377,79713.07092443857
2017-12-13,130867.94162316895,71685.1262930909,64585.59388964877,79564.74670568857
2017-12-14,130806.20114465333,71740.5667227784,64618.35414355502,79610.10705725107
2017-12-15,130275.0368380127,72217.5305899659,64294.28363183628,80000.35022131357
2017-12-18,131441.2392305908,71170.3284415284,64865.48480371128,79143.54846350107
2017-12-19,132144.38205285644,70538.9348868409,64456.86887793003,78626.95373693857
2017-12-20,131718.5749239502,70921.2923087159,64665.42747168003,78939.79162756357
2017-12-21,131609.79635949706,71018.9710196534,64547.79289550816,79019.71057287607
2017-12-22,131870.47970910644,70784.8880118409,64675.47453613316,78828.18811193857
2017-12-26,131810.2106661377,70839.0071524659,64645.95500488316,78872.46740881357
2017-12-27,131671.04635949706,70963.9710196534,64649.71695214879,78974.71057287607
2017-12-28,131774.93210168456,70870.6858634034,64598.83413964879,78898.38635412607
2017-12-29,132016.00827355956,70654.2093009034,64480.75601464879,78721.26916662607
2018-01-02,131333.44162316894,71267.1262930909,64815.07437402379,79222.74670568857
2018-01-03,132421.2392305908,70290.3284415284,64282.27554589879,78423.54846350107
2018-01-04,133266.4892305908,69531.3284415284,63868.27554589879,77802.54846350107
2018-01-05,133802.05588098144,69050.4114493409,63605.95718652379,77409.07092443857
2018-01-08,134740.8915743408,68207.3753165284,63146.11929589879,76719.31408850107
2018-01-09,134964.33444543456,68006.7327384034,63036.67788964879,76555.15197912607
2018-01-10,135139.75827355956,67849.2093009034,62950.75601464879,76426.26916662607
