Date,b&h,without_pca,with_pca,with_pca_and_dwt,with_pca_dwt_mooga
2015-01-21,100000.0,100000.0,100000.0,100000.0,100000.0
2015-01-22,101420.89157434083,98379.96066613769,98379.96066613769,98379.96066613769,98379.96066613769
2015-01-23,101420.89157434083,98379.96066613769,98379.96066613769,98379.96066613769,98379.96066613769
2015-01-26,100865.72970910645,98935.12253137206,98935.12253137206,98935.12253137206,98935.12253137206
2015-01-27,101123.9606661377,98676.89157434081,98676.89157434081,98676.89157434081,99089.59610559083
2015-01-28,99774.4987520752,100026.35348840331,100026.35348840331,100026.35348840331,100312.77765637208
2015-01-29,98432.38803430177,101368.46420617675,101368.46420617675,101368.46420617675,101627.49835949708
2015-01-30,99367.79635949708,100433.05588098144,100433.05588098144,100433.05588098144,100711.18000012208
2015-02-02,98081.05588098145,101719.79635949706,101719.79635949706,101719.79635949706,101971.66046887208
2015-02-03,99348.195163208,100452.65707727052,100452.65707727052,100452.65707727052,100730.38117199708
2015-02-04,100778.01779504395,99022.83444543456,99022.83444543456,99022.83444543456,99329.73859387208
2015-02-05,100360.5368380127,99440.31540246581,99440.31540246581,99440.31540246581,99738.69953137208
2015-02-06,101390.02731652833,98410.82492395019,98410.82492395019,98410.82492395019,98730.21906262208
2015-02-09,101044.5749239502,98756.27731652831,98756.27731652831,98756.27731652831,99068.62140637208
2015-02-10,100616.80588098145,99184.04635949706,99184.04635949706,99184.04635949706,99487.66046887208
2015-02-11,101687.4606661377,98113.39157434081,98113.39157434081,98113.39157434081,98438.85578137208
2015-02-12,101684.51779504395,98116.33444543456,98116.33444543456,98116.33444543456,98441.73859387208
2015-02-13,102662.06540246583,97138.78683801269,97138.78683801269,97138.78683801269,99282.16538757326
2015-02-17,103079.05588098145,96721.79635949706,96721.79635949706,96721.79635949706,98784.03636950684
2015-02-18,103243.2106661377,96557.64157434081,96557.64157434081,96557.64157434081,98626.58177966309
2015-02-19,103210.8630098877,96589.98923059081,96589.98923059081,96589.98923059081,98657.60912341309
2015-02-20,103101.59396691895,96699.25827355956,96699.25827355956,96699.25827355956,98762.41820544434
2015-02-23,103731.2487520752,96069.60348840331,96069.60348840331,96069.60348840331,98158.46361560059
2015-02-24,103699.88205285645,96100.97018762206,96100.97018762206,96100.97018762206,98188.55004138184
2015-02-25,103985.06540246583,95815.78683801269,95815.78683801269,95815.78683801269,97915.00682849121
2015-02-26,103905.69162316895,95895.16061730956,95895.16061730956,95895.16061730956,97991.14086169434
2015-02-27,103752.80588098145,96048.04635949706,96048.04635949706,96048.04635949706,98137.78636950684
2015-03-02,103447.04635949708,96353.80588098144,96353.80588098144,96353.80588098144,98431.06591052246
2015-03-03,104078.6510958252,95722.20114465331,95722.20114465331,95722.20114465331,98927.19396911621
2015-03-04,103607.76779504395,96193.08444543456,96193.08444543456,96193.08444543456,99271.84774499512
2015-03-05,103154.51779504395,96646.33444543456,96646.33444543456,96646.33444543456,99697.34774499512
2015-03-06,103277.50827355958,96523.34396691894,96523.34396691894,96523.34396691894,99716.68729260254
2015-03-09,101818.2868380127,97982.56540246581,97982.56540246581,97982.56540246581,98317.02591564941
2015-03-10,102218.6130098877,98269.20251013184,98269.20251013184,98269.20251013184,97835.69036706544
2015-03-11,100490.38803430177,99829.15448400879,99829.15448400879,99829.15448400879,99493.3755477295
2015-03-12,100298.30588098145,99542.87269299317,99542.87269299317,100013.39654943848,99677.6176131592
2015-03-13,101558.09396691895,100776.95081799317,98210.86304846192,98805.02838537598,98469.2494490967
2015-03-16,100943.14157434083,101280.18756408693,98813.26539221192,99394.88068029785,99059.10174401857
2015-03-17,102304.85348840333,99946.26568908693,97479.34351721192,98088.74884436035,97752.96990808107
2015-03-18,101966.26779504395,100277.94147033693,97811.01929846192,98413.51471350098,98077.7357772217
2015-03-19,103202.04635949708,99067.38287658693,96600.46070471192,97228.1760904541,96892.39715417482
2015-03-20,102700.77731652833,99558.42193908693,97091.49976721192,97708.98517248535,97373.20623620607
2015-03-23,103623.45114465333,98654.57818908693,96187.65601721192,96823.97150061035,96488.19256433107
2015-03-24,103443.12253137208,98831.22662658693,96364.30445471192,96996.9397623291,96661.16082604982
2015-03-25,102810.04635949708,99451.38287658693,96984.46070471192,97604.1760904541,97268.39715417482
2015-03-26,101317.9987520752,100912.98053283693,98446.05836096192,99035.32379553223,98699.54485925294
2015-03-27,101077.89157434083,101148.18756408693,98681.26539221192,99265.63068029785,98929.85174401857
2015-03-30,101316.52731652833,100914.42193908693,98447.49976721192,99036.73517248535,98700.95623620607
2015-03-31,102552.30588098145,99703.86334533693,97236.94117346192,97851.39654943848,97515.6176131592
2015-04-01,101653.1510958252,100584.66803283693,98117.74586096192,98713.85113928223,98378.07220300294
2015-04-02,101251.35348840333,100978.26568908693,98511.34351721192,99099.24884436035,98763.46990808107
2015-04-06,101607.58444543458,100629.30475158693,98162.38257971192,98757.5579263916,98421.77899011232
2015-04-07,102276.93210168458,99973.61725158693,97506.69507971192,98115.5305826416,97779.75164636232
2015-04-08,102066.72018762208,100179.53912658693,97712.61695471192,98317.1624185791,97981.38348229982
2015-04-09,102339.64157434083,99912.18756408693,97445.26539221192,98055.38068029785,97719.60174401857
2015-04-10,102794.3630098877,99466.74615783693,96999.82398596192,97619.21930334473,98050.71569616701
2015-04-13,103327.48923059083,98944.50006408693,96477.57789221192,97107.85333654785,97454.0355794678
2015-04-14,102855.6130098877,99406.74615783693,96939.82398596192,97560.46930334473,97897.02141931155
2015-04-15,103022.7106661377,99243.05865783693,96776.13648596192,97400.19195959473,97740.15423181155
2015-04-16,103551.41061730958,98725.14850158693,96258.22632971192,96893.0715982666,97243.8236654053
2015-04-17,103471.05588098145,98803.86334533693,96336.94117346192,96970.14654943848,97319.25872399905
2015-04-20,102304.3630098877,99946.74615783693,97479.82398596192,98089.21930334473,98414.52141931155
2015-04-21,103246.14157434083,99024.18756408693,96557.26539221192,97185.88068029785,97530.4027669678
2015-04-22,103093.75827355958,99173.46100158693,96706.53882971192,97332.0442545166,97673.4564779053
2015-04-23,103616.58444543458,98661.30475158693,96194.38257971192,96830.5579263916,97182.6400716553
2015-04-24,103860.1130098877,98422.74615783693,95955.82398596192,96596.96930334473,96954.02141931155
2015-04-27,104093.35348840333,98194.26568908693,95727.34351721192,96373.24884436035,96735.0609700928
2015-04-28,103663.62253137208,98615.22662658693,96148.30445471192,96785.4397623291,97138.4818685303
2015-04-29,103949.7868380127,98334.90240783693,95867.98023596192,96510.95563146973,96869.83782556155
2015-04-30,103562.20114465333,98714.57818908693,96247.65601721192,96882.72150061035,97233.6937825928
2015-05-01,102516.5368380127,99738.90240783693,97271.98023596192,97885.70563146973,98215.33782556155
2015-05-04,103632.75827355958,98645.46100158693,96178.53882971192,96815.0442545166,97167.4564779053
2015-05-05,103936.55588098145,98347.86334533693,95880.94117346192,96523.64654943848,96882.25872399905
2015-05-06,102710.08444543458,99549.30475158693,97082.38257971192,97700.0579263916,98033.6400716553
2015-05-07,102253.89157434083,99996.18756408693,97529.26539221192,98137.63068029785,98461.9027669678
2015-05-08,102638.54635949708,99619.38287658693,97152.46070471192,98408.81822473145,98100.7982747803
2015-05-11,104015.45114465333,98270.57818908693,95803.65601721192,96989.97763488769,96808.1937825928
2015-05-12,103487.72018762208,98787.53912658693,96320.61695471192,97496.16855285644,97303.6146810303
2015-05-13,103183.43210168458,99085.61725158693,96618.69507971192,97788.03671691894,97589.2728841553
2015-05-14,103152.06540246583,99116.34381408693,96649.42164221192,97818.12314270019,97618.7191732178
2015-05-15,104260.45114465333,98030.57818908693,95563.65601721192,96754.97763488769,96578.1937825928
2015-05-18,104340.31540246583,97952.34381408693,95485.42164221192,96678.37314270019,96503.2191732178
2015-05-19,104657.34396691895,98152.31688732911,95174.86304846192,96374.28451965332,96698.84500573734
2015-05-20,104590.22018762208,98117.38784973146,95240.61695471192,96438.66855285644,96637.20071862797
2015-05-21,104493.20114465333,98208.46695129396,95335.65601721192,96531.72763488769,96630.5474862061
2015-05-22,104736.72970910645,97979.84829895021,95097.09742346192,96298.13901184082,96758.5329134522
2015-05-26,104503.48923059083,98198.80874816896,95325.57789221192,96521.85947082519,96876.84644982916
2015-05-27,103432.34396691895,99204.37368957521,96374.86304846192,97549.28451965332,95797.46891320808
2015-05-28,104377.06540246583,98317.49234191896,95449.42164221192,96643.12314270019,94835.17859704598
2015-05-29,104245.25827355958,98441.22964660646,95578.53882971192,96769.55038879394,94956.22596032723
2015-06-01,103588.6510958252,99057.63638488771,96221.74586096192,97399.35727355957,95559.2325521241
2015-06-02,103801.31540246583,98857.99234191896,96013.42164221192,97195.37314270019,95363.92859704598
2015-06-03,103696.95114465333,98955.96695129396,96115.65601721192,97295.47763488769,95459.77332360848
2015-06-04,103915.97970910645,98750.34829895021,95901.09742346192,97085.38901184082,95258.62464196785
2015-06-05,103022.7106661377,99588.92740051271,96776.13648596192,97942.19809387207,96078.9737630616
2015-06-08,102875.22018762208,99727.38784973146,96920.61695471192,98083.66855285644,96214.42420251473
2015-06-09,102211.26779504395,100350.69009582521,96201.04452502444,98720.52084777832,96824.17639978035
2015-06-10,102253.89157434083,100310.67593566896,96241.05868518069,98679.63681457519,96785.03211267098
2015-06-11,103481.34396691895,99158.37368957521,94993.06954357913,99759.2220640869,95657.77991540535
2015-06-12,103660.69162316895,98990.00650207521,94824.70235607913,99488.25032263182,95493.07288415535
2015-06-15,102937.94162316895,98214.49893713382,95503.20235607913,100181.50032263182,96156.82288415535
2015-06-16,102463.6130098877,98563.45795812992,95948.49044201663,100636.46858435057,96592.4307943116
2015-06-17,103044.75827355958,98017.89301672367,95402.92550061038,100079.04353552245,96058.72596032723
2015-06-18,103248.10348840333,97826.99750891117,95212.02999279788,99883.9981253662,95871.98035485848
2015-06-19,104267.30588098145,96870.19526281742,94255.22774670413,100762.879743042,94935.97815759285
2015-06-22,103716.05588098145,97387.69526281742,94772.72774670413,101191.93146350098,95442.22815759285
2015-06-23,104346.20114465333,96796.13032141117,94181.16280529788,100587.50641467285,94863.52332360848
2015-06-24,104412.34396691895,96734.03705969242,94119.06954357913,100524.06329943848,94802.77991540535
2015-06-25,103646.97018762208,97452.55121984867,94837.58370373538,101258.1973326416,95505.67420251473
2015-06-26,103339.73923059083,97740.97211828617,95126.00460217288,101552.88825061035,95787.82508142098
2015-06-29,103299.55588098145,97778.69526281742,95163.72774670413,101591.43146350098,95824.72815759285
2015-06-30,101150.9010958252,99795.79975500492,97180.83223889163,103652.38605334473,97797.9825521241
2015-07-01,101418.94162316895,99544.16987219242,96929.20235607913,103395.28595568848,97551.82288415535
2015-07-02,102120.12253137208,98885.91840734867,96270.95089123538,102722.7246763916,96907.88123376473
2015-07-06,102088.76779504395,98915.35346594242,96300.38594982913,102752.79962756348,96936.67639978035
2015-07-07,101695.7868380127,99284.27436437992,96669.30684826663,103129.74054553223,97297.5772786866
2015-07-08,102312.2106661377,98705.59077062992,96090.62325451663,102538.47687365723,96731.4737630616
2015-07-09,100613.868991333,100299.95234289554,97684.98482678227,104167.49848010256,98291.17530114755
2015-07-10,100840.73923059083,100086.97211828617,97472.00460217288,103949.88825061035,98082.82508142098
2015-07-13,102080.93210168458,98922.70942297367,96307.74190686038,102760.3154967041,96943.87244470223
2015-07-14,103206.95114465333,97865.63032141117,95250.66280529788,101680.25641467285,95909.77332360848
2015-07-15,103665.09396691895,97435.53705969242,94820.56954357913,101240.81329943848,95489.02991540535
2015-07-16,103589.14157434083,97506.83930578617,94891.87178967288,101313.66559436035,95558.78211267098
2015-07-17,104416.75827355958,96729.89301672367,94114.92550061038,100519.8291685791,94798.72596032723
2015-07-20,104531.9010958252,96621.79975500492,94006.83223889163,100409.38605334473,94692.9825521241
2015-07-21,104612.26779504395,96546.35346594242,93931.38594982913,100332.29962756348,94619.17639978035
2015-07-22,104167.83444543458,96963.57661047367,94348.60909436038,100758.5928404541,95027.32947595223
2015-07-23,103919.89157434083,97196.33930578617,94581.37178967288,100996.41559436035,95255.03211267098
2015-07-24,103331.89157434083,97748.33930578617,95133.37178967288,101560.41559436035,95795.03211267098
2015-07-27,102229.39157434083,98783.33930578617,96168.37178967288,102617.91559436035,96807.53211267098
2015-07-28,101640.9010958252,99335.79975500492,96720.83223889163,103182.38605334473,97347.9825521241
2015-07-29,102895.79635949708,98157.73481359867,95542.76729748538,101978.7110045166,96195.52771813973
2015-07-30,103646.47970910645,97453.01166906742,94838.04415295413,101258.66779162598,95506.12464196785
2015-07-31,103649.41061730958,97450.26020422367,94835.29268811038,101255.8565123291,95503.43299157723
2015-08-03,103414.7106661377,97670.59077062992,95055.62325451663,101480.97687365723,95718.9737630616
2015-08-04,103130.50827355958,97937.39301672367,95322.42550061038,101753.5791685791,95979.97596032723
2015-08-05,102899.22970910645,98154.51166906742,95539.54415295413,101975.41779162598,96192.37464196785
2015-08-06,103218.7106661377,97854.59077062992,95239.62325451663,101668.97687365723,95898.9737630616
2015-08-07,102420.98923059083,98603.47211828617,95988.50460217288,102434.13825061035,96631.57508142098
2015-08-10,102127.47970910645,98879.01166906742,96264.04415295413,102715.66779162598,96901.12464196785
2015-08-11,103431.3630098877,97654.95795812992,95039.99044201663,101465.00421740723,95703.6807943116
2015-08-12,102445.97970910645,98580.01166906742,95965.04415295413,102410.16779162598,96608.62464196785
2015-08-13,102542.9987520752,98488.93256750492,95873.96505139163,102317.10870959473,96519.5255208741
2015-08-14,102412.6510958252,98611.29975500492,95996.33223889163,102442.13605334473,96639.2325521241
2015-08-17,102812.00827355958,98236.39301672367,95621.42550061038,102059.0791685791,96272.47596032723
2015-08-18,103346.10348840333,97734.99750891117,95120.02999279788,101546.78375842285,95781.98035485848
2015-08-19,103075.62253137208,97988.91840734867,95373.95089123538,101806.2246763916,96030.38123376473
2015-08-20,102227.44162316895,98785.16987219242,96170.20235607913,102619.78595568848,96809.32288415535
2015-08-21,100077.31540246583,100803.65571203617,98188.68819592288,104682.15192248535,98783.92859704598
2015-08-24,96900.1570772705,103786.29413977054,101171.32662365727,107729.63031604006,101701.72705896005
2015-08-25,93093.83444543458,107359.57661047367,97109.12849365242,111380.5928404541,105197.32947595223
2015-08-26,91839.43564172364,108537.1754874268,98318.17354052741,112583.79169299317,106349.32837731941
2015-08-27,95411.5368380127,105183.77436437992,94600.27229541022,109157.49054553223,103068.8272786866
2015-08-28,97721.88803430177,103014.87324133304,92195.62105029303,106941.43939807129,100947.07618005379
2015-08-31,97781.17612023927,102959.21503820804,92133.91304248053,106884.57123400879,100908.19122521981
2015-09-01,96963.368991333,103726.95234289554,92985.1000541993,107668.99848010256,100073.6941549073
2015-09-02,94105.195163208,106410.13593664554,90150.8939197999,110410.51215197756,102891.58905847176
2015-09-03,95820.68564172364,104799.6754874268,88415.47251196297,108765.04169299317,104645.68552734386
2015-09-04,95931.91659875489,104695.2545889893,88429.9246915284,108658.35077502442,104422.08491296397
2015-09-08,94466.3249239502,106071.11616125492,89688.07537939462,110064.12238146973,102733.44321118176
2015-09-09,96827.63803430177,103854.37324133304,87519.52252294931,107799.18939807129,105287.51657543957
2015-09-10,95486.50827355958,105113.39301672367,88751.17230322275,109085.5791685791,106633.74758483899
2015-09-11,95988.75827355958,104641.89301672367,88289.92230322275,108603.8291685791,106090.49758483899
2015-09-14,96417.9987520752,104238.93256750492,87895.72186376962,108192.10870959473,106458.11445007338
2015-09-15,96025.01779504395,104607.85346594242,87456.55480224619,108569.04962756348,106025.03339538588
2015-09-16,97252.95468469239,105832.51951013188,88559.19200927744,107391.23261096192,107378.2699676515
2015-09-17,98096.73923059083,104815.01582495122,87714.47196875009,106581.88825061035,108308.15497741713
2015-09-18,97846.34396691895,105085.85151831059,87939.31669531259,106822.06329943848,108476.35403503431
2015-09-21,96270.01779504395,106790.85737768559,89354.79325781259,108334.04962756348,110213.52981628431
2015-09-22,96708.0749239502,106317.04048315434,88961.43583593759,107913.87238146973,109730.77298034681
2015-09-23,95520.80588098145,107601.22944799809,90027.55497656259,109052.68146350098,108289.9407061769
2015-09-24,95325.7868380127,107275.47982275396,90202.67411718759,109239.74054553223,108071.04178039565
2015-09-25,95006.30588098145,107527.4490964356,90489.55497656259,109546.18146350098,108323.01105407729
2015-09-28,94962.20468469239,107576.95043920903,90529.15605078134,109588.48261096192,108164.40424743667
2015-09-29,92533.27731652833,110303.29748510747,92710.23368750009,111918.27008654785,105388.48725524917
2015-09-30,92646.95468469239,110175.70043920903,92608.15605078134,111809.23261096192,105153.19114196792
2015-10-01,94408.01779504395,108198.9969479981,91026.79325781259,110120.04962756348,103140.54758728042
2015-10-02,94593.72372766114,107990.55151342778,90860.03691015634,109941.92352893067,102928.31223571792
2015-10-05,95943.18564172364,106475.84936499028,89648.27519140634,108647.54169299317,101386.07004821792
2015-10-06,97691.9987520752,104512.89587377934,88077.91239843759,106970.10870959473,99387.42649353042
2015-10-07,97342.62851281739,104905.04614233403,88391.63261328134,107305.21893908692,98940.69080188005
2015-10-08,98122.21420617677,104030.0009763184,87691.59648046884,106557.45306994629,98046.19919421403
2015-10-09,98984.618991333,103061.99560522467,86917.19218359386,105730.24848010256,97166.19431140153
2015-10-12,99056.1570772705,102981.69775366217,86852.95390234386,105661.63031604006,97093.19626452653
2015-10-13,99182.08444543458,102840.35070776372,86739.87626562509,105540.8428404541,96964.6989500734
2015-10-14,98507.35348840333,103597.70178198247,87345.75712500009,106188.03375842285,97653.1999266359
2015-10-15,98044.30588098145,104117.4490964356,87761.55497656259,106632.18146350098,97103.42515319842
2015-10-16,99495.68564172364,102488.34936499028,86458.27519140634,105240.04169299317,98525.18491882342
2015-10-19,99948.93564172364,101979.59936499028,86051.27519140634,104805.29169299317,97984.03963952654
2015-10-20,99975.88803430177,101949.3466794434,86027.07304296884,104779.43939807129,97957.63729577654
2015-10-21,99834.27731652833,102108.29748510747,86154.23368750009,104915.27008654785,97721.30091101093
2015-10-22,99254.60348840333,102758.95178198247,86674.75712500009,105471.28375842285,98191.66770007342
2015-10-23,100899.5368380127,100912.59802221684,85197.67411718759,103893.49054553223,96580.30441882342
2015-10-26,102008.89157434083,99667.40393041997,84201.51884375009,102829.41559436035,95493.58957507342
2015-10-27,101814.3630098877,99885.75231909184,84376.19755468759,103016.00421740723,95684.14816882342
2015-10-28,101555.1510958252,100176.70446752934,84608.95927343759,103264.63605334473,95938.07004382342
2015-10-29,102753.70114465333,98831.39318823247,83532.71025000009,102115.00641467285,94763.98020007342
2015-10-30,102707.63205285645,98883.1033933106,83574.07841406259,102159.19513537598,94809.10910632342
2015-11-02,102215.19162316895,99435.8426511231,84016.26982031259,102631.53595568848,95291.49973132342
2015-11-03,103424.9987520752,98077.89587377934,82929.91239843759,101471.10870959473,94106.38254382342
2015-11-04,103706.25827355958,97762.19641088872,82677.35282812509,101201.3291685791,93830.86301257342
2015-11-05,103339.73923059083,98173.59533666997,83006.47196875009,101552.88825061035,94189.90207507342
2015-11-06,103223.1130098877,98304.50231909184,83111.19755468759,101664.75421740723,94304.14816882342
2015-11-09,103187.34396691895,98344.6512448731,83143.31669531259,101699.06329943848,94339.18723132342
2015-11-10,102176.97018762208,99478.74426245122,84050.59110937509,102668.1973326416,95328.94113757342
2015-11-11,102330.8249239502,99306.05017065434,83912.43583593759,102520.62238146973,95178.22629382342
2015-11-12,102001.54635949708,99675.64855932622,84208.11454687509,102836.4610045166,95500.78488757342
2015-11-13,100579.0749239502,101272.30017065434,85485.43583593759,104200.87238146973,96894.22629382342
2015-11-16,99455.50827355958,102533.44641088872,86494.35282812509,105278.5791685791,97994.86301257342
2015-11-17,100932.85348840333,103939.7895261231,85167.75712500009,103861.53375842285,96547.66770007342
2015-11-18,100798.10348840333,103974.63002905279,85288.75712500009,103990.78375842285,96326.72096276876
2015-11-19,102421.97018762208,102317.62319311529,83830.59110937509,102433.1973326416,94672.76385974142
2015-11-20,102307.30588098145,102434.62758764654,83933.55497656259,102543.18146350098,94782.7479906008
2015-11-23,102695.87253137208,102038.13100561529,83584.63798437509,102170.4746763916,94410.04120349142
2015-11-24,102569.4606661377,102167.12270483404,83698.15067968759,102291.72687365723,94531.29340075704
2015-11-25,102694.4010958252,102039.63247045904,83716.67926367198,102171.88605334473,94411.45258044454
2015-11-27,102681.18210168458,102053.12123999029,83643.90468359385,102184.5654967041,94424.13202380392
2015-11-30,102741.94162316895,101991.12172827154,83594.30507421885,102126.28595568848,94365.8524827883
2015-12-01,102266.63205285645,102476.13149389654,83982.31288671885,102582.19513537598,94821.7616624758
2015-12-02,103355.41061730958,101365.13295874029,83093.51405859385,101537.8565123291,93777.42303942892
2015-12-03,102222.5368380127,102521.12661108404,84018.30898046885,102624.49054553223,94864.05707263204
2015-12-04,100757.93210168458,104015.62123999029,85213.90468359385,104029.3154967041,96268.88202380392
2015-12-07,102819.35348840333,101912.13002905279,83531.11171484385,102052.03375842285,94291.60028552267
2015-12-08,102102.97970910645,102643.12368139654,84115.90663671885,102739.16779162598,94978.7343187258
2015-12-09,101442.4606661377,103317.12270483404,84655.10585546885,103372.72687365723,95612.29340075704
2015-12-10,100659.92612023927,104115.62734350591,85293.90956640635,104123.32123400879,96362.8877611086
2015-12-11,100885.81540246583,103885.12807592779,85109.51015234385,104251.43950183108,96146.21844958517
2015-12-14,98932.67612023927,105878.12734350591,86703.90956640635,106141.82727038575,98019.6377611086
2015-12-15,99401.60348840333,105399.63002905279,86321.11171484385,105663.32995593263,97569.85028552267
2015-12-16,100453.63803430177,104326.12539038091,85462.30800390635,104589.82531726075,96560.7559251711
2015-12-17,101906.97970910645,102843.12368139654,84275.90663671885,103106.82360827638,95166.7343187258
2015-12-18,100379.1570772705,104402.12636694343,85523.10878515635,104665.82629382327,96632.19684313986
2015-12-21,98598.4987520752,106219.12465795904,86976.70741796885,106482.82458483888,98340.17523669454
2015-12-22,99362.89755578614,105439.12587866216,86352.70839453135,105702.825805542,97606.97638415548
2015-12-23,100236.0749239502,104548.12856420904,85639.91054296885,104811.82849108888,96769.43890856954
2015-12-24,101476.75827355958,103282.12514624029,84627.10780859385,103545.82507312013,95579.39569567892
2015-12-28,101315.05588098145,103447.12758764654,84759.10976171885,103710.82751452638,95734.4979906008
2015-12-29,101095.04635949708,103671.62709936529,84938.70937109385,103935.32702624513,95945.52753161642
2015-12-30,102166.19162316895,102578.62172827154,84064.30507421885,102842.32165515138,94918.1024827883
2015-12-31,101431.19162316895,103328.62172827154,84664.30507421885,103592.32165515138,94149.57627795431
2016-01-04,100479.60348840333,104299.63002905279,85441.11171484385,104563.32995593263,94930.63254382345
2016-01-05,98946.88803430177,105863.62539038091,86692.30800390635,106127.32531726075,93397.73557409689
2016-01-06,99145.33444543458,105661.12905249029,86530.31093359385,105924.82897937013,93118.85658166526
2016-01-07,97849.2868380127,106983.62661108404,87588.30898046885,107247.32653796388,94335.5543355715
2016-01-08,95537.95468469239,109342.12880834966,89475.11073828135,109605.8287352295,96505.37635705588
2016-01-11,94506.01779504395,108053.95932495124,90317.50819921885,110658.82556140138,97474.133437134
2016-01-12,94586.37851281739,108145.80014526374,90251.90761328135,110576.8248289795,97460.03266809105
2016-01-13,95321.868991333,107197.51407592781,89651.50722265635,109826.32434069827,96613.34867761255
2016-01-14,92950.26779504395,109907.9154431153,91587.50819921885,112246.32556140138,99033.34989831566
2016-01-15,94496.70468469239,111628.75551977547,90325.11073828135,110668.3287352295,100576.17203601098
2016-01-19,92462.71420617677,113924.86936816415,91985.51112890635,112743.82922351075,102634.75686560082
2016-01-20,92511.71420617677,113866.86936816415,91945.51112890635,112693.82922351075,102587.21904797388
2016-01-21,91433.71420617677,115142.86936816415,92825.51112890635,113793.82922351075,103673.62723034692
2016-01-22,91907.05588098145,114582.58738574227,92439.10976171885,113310.82751452638,103151.98538464379
2016-01-25,93764.64755578614,112383.8054033204,90922.70839453135,111415.325805542,101104.84353894067
2016-01-26,92303.46420617677,110543.64123706064,92115.51112890635,112906.32922351075,102715.12723034692
2016-01-27,93604.41659875489,108894.86776757821,91053.50917578135,111578.8267821045,101281.42459362817
2016-01-28,92591.09396691895,110094.31088281258,91880.71132421885,112612.82946765138,100084.4893566897
2016-01-29,93101.18564172364,109490.52890039071,91464.30995703135,112092.327758667,100636.22116821313
2016-02-01,95398.30588098145,106771.48861718758,93623.66891210948,109748.32751452638,103120.8614270022
2016-02-02,95356.16659875489,106821.36776757821,93582.38961523448,109791.3267821045,103075.28220336938
2016-02-03,93575.01779504395,108929.66635156258,95234.0982031251,111608.82556140138,104899.04376916528
2016-02-04,94040.51779504395,108378.66635156258,94778.0982031251,111133.82556140138,104395.54376916528
2016-02-05,94183.59396691895,108209.31088281258,94637.9419531251,110987.82946765138,104240.78790979028
2016-02-08,92448.9987520752,110262.50521875008,96337.1372656251,112757.82458483888,106116.98273400903
2016-02-09,91145.10348840333,111805.89144921883,97614.4224218751,114088.32995593263,104521.53391564966
2016-02-10,91084.83444543458,111877.23031640633,97673.4614843751,114149.82897937013,104486.6201851809
2016-02-11,91067.68564172364,111897.52890039071,97690.2603125001,114167.327758667,104363.29779455593
2016-02-12,89951.46420617677,113218.77059960946,98783.7017187501,115306.32922351075,103087.61615393093
2016-02-16,91700.76779504395,111148.16635156258,97070.0982031251,113521.32556140138,105086.82025549343
2016-02-17,93209.96420617677,109361.77059960946,95591.7017187501,111981.32922351075,103257.59667541529
2016-02-18,94740.72372766114,107549.85116601571,97058.92223266613,110419.329711792,101508.15722229029
2016-02-19,94300.21420617677,108071.27059960946,97412.08074707043,110868.82922351075,102011.59667541529
2016-02-22,94297.76779504395,108074.16635156258,97414.57708496106,110871.32556140138,102014.39257385279
2016-02-23,95656.04635949708,106466.40805078133,96028.5785498048,109485.32702624513,100462.07421447779
2016-02-24,94468.77731652833,107871.74691796883,97240.0775732423,110696.82604968263,99127.12471057154
2016-02-25,94886.7487520752,107377.00521875008,96813.57610839856,110270.32458483888,99562.15620471217
2016-02-26,95959.84396691895,106106.81088281258,95718.58099121106,109175.32946765138,98346.84138269069
2016-02-29,95780.9987520752,106318.50521875008,95901.07610839856,109357.82458483888,98066.76126794462
2016-03-01,95005.81540246583,107236.06918359383,96692.0795263673,110148.82800280763,97275.75784997587
2016-03-02,97265.695163208,104561.10946679697,94386.07977050793,107842.82824694827,99581.75760583523
2016-03-03,97662.59396691895,104091.31088281258,93981.08099121106,107437.82946765138,99986.75638513212
2016-03-04,98003.14755578614,103688.20663476571,93633.57732910168,107090.325805542,100334.26004724149
2016-03-07,98326.05588098145,103305.98861718758,93304.07903808606,106760.82751452638,100663.75833825712
2016-03-08,98412.7868380127,103203.32748437508,93215.57806152356,106672.32653796388,100752.25931481962
2016-03-09,97310.2868380127,104508.32748437508,94340.57806152356,107797.32653796388,101777.17131433134
2016-03-10,97800.2868380127,103928.32748437508,93840.57806152356,107297.32653796388,101277.17131433134
2016-03-11,97815.47372766114,103910.35116601571,93825.08123535168,107281.829711792,101261.67448815946
2016-03-14,99413.85348840333,102018.39144921883,92194.0814794923,105650.82995593263,99630.67473230009
2016-03-15,99288.9070772705,102166.28720117197,92321.57781738293,105778.32629382327,99758.17107019073
2016-03-16,99107.118991333,102381.46493554697,92507.07586425793,105963.82434069827,99943.66911706573
2016-03-17,99660.3249239502,101726.64975000008,91942.58001464856,105399.32849108888,99379.17326745634
2016-03-18,100315.45468469239,100951.19003320321,91274.08025878918,104730.8287352295,98710.67351159696
2016-03-21,100755.97018762208,100429.76351953133,90824.5746435548,104281.32311999513,98261.16789636259
2016-03-22,100854.95114465333,100312.60238671883,90723.5736669923,104180.32214343263,98160.16691980009
2016-03-23,100766.7487520752,100417.00521875008,90813.57610839856,104270.32458483888,98250.16936120634
2016-03-24,100125.33444543458,101176.23031640633,91468.0805029298,104924.82897937013,98904.67375573759
2016-03-28,100087.60348840333,101220.89144921883,91506.5814794923,104963.32995593263,98943.17473230009
2016-03-29,100141.9987520752,101156.50521875008,91451.07610839856,104907.82458483888,98887.66936120634
2016-03-30,101022.0368380127,100114.82748437508,90553.07806152356,104009.82653796388,97989.67131433134
2016-03-31,101460.09396691895,99596.31088281258,90106.08099121106,103562.82946765138,97542.67424401884
2016-04-01,101253.80588098145,99840.48861718758,90316.57903808606,103773.32751452638,97753.17229089384
2016-04-04,101892.76779504395,99084.16635156258,89664.57708496106,103121.32556140138,97101.17033776884
2016-04-05,101566.91061730958,99469.87484765633,89997.0844091798,103453.83288562013,97433.67766198759
2016-04-06,100539.87851281739,100685.54550195321,91045.07635253918,104501.8248289795,98481.66960534696
2016-04-07,101592.88205285645,99439.13314843758,89970.58294433606,103427.33142077638,97407.17619714384
2016-04-08,100380.13803430177,100874.62606835946,91208.07684082043,104664.82531726075,96146.7989185794
2016-04-11,100658.945163208,100544.60946679697,90923.57977050793,104380.32824694827,95783.40190087922
2016-04-12,100384.05588098145,100869.98861718758,91204.07903808606,104660.82751452638,96047.07121240265
2016-04-13,101350.8249239502,99725.64975000008,90217.58001464856,103674.32849108888,95119.7621303714
2016-04-14,102365.12253137208,98525.05258203133,89182.5824560548,102639.33093249513,94146.86442529327
2016-04-15,102382.76779504395,98504.16635156258,89164.57708496106,102621.32556140138,94129.93937646515
2016-04-18,102282.31540246583,98623.06918359383,89267.0795263673,102723.82800280763,94226.29167138702
2016-04-19,102949.2106661377,97833.68295312508,88586.57415527356,102043.32263171388,93586.6166225589
2016-04-20,103265.7487520752,97459.00521875008,88263.57610839856,101720.32458483888,93282.9984584964
2016-04-21,103344.14157434083,97366.21371484383,88183.5834326173,101640.33190905763,93207.80534326202
2016-04-22,102809.06540246583,97999.56918359383,88729.5795263673,102186.32800280763,93721.04167138702
2016-04-25,102813.97018762208,97993.76351953133,88724.5746435548,102181.32311999513,93716.33708154327
2016-04-26,102628.25827355958,98213.58578515633,88914.0765966798,102370.82507312013,93894.46891748077
2016-04-27,102819.84396691895,97986.81088281258,88718.58099121106,102175.32946765138,93710.70304834015
2016-04-28,102988.89157434083,97786.71371484383,88546.0834326173,102002.83190905763,93548.55534326202
2016-04-29,102041.23923059083,98908.42465234383,89513.0756201173,102969.82409655763,94457.52799951202
2016-05-02,101526.2487520752,99518.00521875008,90038.57610839856,103495.32458483888,94951.4984584964
2016-05-03,102316.6130098877,98582.47201562508,89232.08196777356,104198.55372302249,94193.3939663089
2016-05-04,101431.68210168458,99629.94125390633,90135.0726904298,104997.4729490967,95042.20524560577
2016-05-05,100831.43210168458,100340.44125390633,90747.5726904298,105609.9729490967,95617.95524560577
2016-05-06,100807.41061730958,100368.87484765633,90772.0844091798,105634.4846678467,95640.99626123077
2016-05-09,101126.4010958252,99991.29428125008,90446.58392089856,105308.98417956545,95335.0258022464
2016-05-10,101202.35348840333,99901.39144921883,90369.0814794923,105231.4817381592,95262.17350732452
2016-05-11,102461.6510958252,98410.79428125008,89084.08392089856,103946.48417956545,94054.2758022464
2016-05-12,101485.08444543458,99566.73031640633,90080.5805029298,104942.9807615967,94990.98258935577
2016-05-13,101467.94162316895,99587.02182031258,90098.07317871106,104960.47343737795,95007.42570459015
2016-05-16,100610.43564172364,100602.02890039071,90973.07928222668,105835.47954089358,95829.93144189483
2016-05-17,101592.88205285645,99439.13314843758,89970.58294433606,104832.98320300295,94887.58488427765
2016-05-18,100639.83444543458,100567.23031640633,90943.0805029298,105805.4807615967,95801.73258935577
2016-05-19,100660.41659875489,100542.86776757821,90922.07830566418,105784.47856433108,95781.99052392608
2016-05-20,100288.50827355958,100983.08578515633,91301.5765966798,106163.9768553467,96138.71891748077
2016-05-23,100890.22970910645,100270.84408593758,90687.57513183606,105549.97539050295,95561.55754052765
2016-05-24,100680.50827355958,100519.08578515633,90901.5765966798,105763.9768553467,95762.71891748077
2016-05-25,102053.48923059083,98893.92465234383,89500.5756201173,104362.9758787842,94445.77799951202
2016-05-26,102763.00827355958,98054.08578515633,88776.5765966798,103638.9768553467,93765.21891748077
2016-05-27,102741.45114465333,98079.60238671883,88798.5736669923,103660.9739256592,93653.87773388703
2016-05-31,103180.48923059083,97559.92465234383,88350.5756201173,103212.9758787842,93167.67504834014
2016-06-01,103077.09396691895,97682.31088281258,88456.08099121106,103318.48124987795,93260.51977490264
2016-06-02,103193.72018762208,97544.26351953133,88337.0746435548,103199.4749022217,93155.79418896514
2016-06-03,103484.2868380127,97200.32748437508,88040.57806152356,102902.97832019045,92894.87719677764
2016-06-06,103183.91061730958,97555.87484765633,88347.0844091798,103209.4846678467,93164.60278271514
2016-06-07,103687.63205285645,96959.63314843758,87833.08294433606,102695.48320300295,92712.28149365264
2016-06-08,103820.91061730958,96801.87484765633,87697.0844091798,102559.4846678467,92592.60278271514
2016-06-09,104163.43210168458,96396.44125390633,87347.5726904298,102209.9729490967,92285.03247021514
2016-06-10,103985.06540246583,96607.56918359383,87529.5795263673,102391.9797850342,92445.19848584014
2016-06-13,103033.97970910645,97733.34408593758,88500.07513183606,103362.47539050295,93299.23461865264
2016-06-14,102200.48923059083,96854.46441357431,89350.5756201173,104212.9758787842,94047.67504834014
2016-06-15,102017.22970910645,96930.86720166025,89106.17550781264,104399.97539050295,94212.23461865264
2016-06-16,101830.04635949708,97106.5903461915,89179.4549360353,104105.20596911623,94380.31762646514
2016-06-17,102148.05588098145,96808.05079541025,88906.87534619155,103677.13145739748,94094.75805615264
2016-06-20,101816.3249239502,97119.47169384775,89191.21616650405,104015.63243395998,94392.63891552764
2016-06-21,102405.79635949708,96566.0903461915,88685.9549360353,103414.13096911623,93863.31762646514
2016-06-22,102682.64157434083,96306.194838379,88448.6590375978,103131.63585192873,93614.72192334014
2016-06-23,102513.59396691895,96464.89259228525,88593.55698681655,103304.13341052248,93766.51977490264
2016-06-24,103879.22970910645,95182.86720166025,87423.01206494155,101910.62755114748,92540.23461865264
2016-06-27,100159.63803430177,98674.72877392588,90611.23350048842,105706.12926013186,95880.27612255889
2016-06-28,98353.00827355958,100370.7485493165,92159.7732954103,107549.62901599123,94051.62808044464
2016-06-29,100094.95468469239,98735.45191845713,90666.67637158217,105772.1326781006,92286.75614099152
2016-06-30,101794.27731652833,97140.169447754,89210.1141157228,104038.12999255373,90656.79361657746
2016-07-01,103170.69162316895,95848.02540478525,88030.33042431655,102633.62559802248,89336.55948571808
2016-07-05,103371.09396691895,95659.89259228525,87858.55698681655,102429.13341052248,89144.33682946808
2016-07-06,102665.4987520752,96322.28810009775,88463.35288525405,103149.12852770998,89821.13223962433
2016-07-07,103213.31540246583,95808.011244629,87993.7957563478,102590.13194567873,89295.67545251496
2016-07-08,103123.64157434083,95892.194838379,88070.6590375978,102681.63585192873,89381.68912438996
2016-07-11,104691.64157434083,94420.194838379,86726.6590375978,101081.63585192873,87877.68912438996
2016-07-12,105047.38205285645,94086.23438916025,86421.73862744155,100718.63536364748,87536.46866540558
2016-07-13,105781.4010958252,93397.15528759775,85792.57944775405,99969.63634020998,86832.40958337433
2016-07-14,105795.6130098877,93383.81349072275,85780.39780712905,99955.13438708498,86757.92555017122
2016-07-15,106350.29635949708,92863.0903461915,85304.9549360353,99389.13096911623,86219.02561853059
2016-07-18,106251.80588098145,92955.55079541025,85389.37534619155,99489.63145739748,86299.42600915559
2016-07-19,106504.1510958252,92718.65528759775,85173.07944775405,99232.13634020998,86093.42991540559
2016-07-20,106351.76779504395,92861.70899853525,85303.69370556655,99387.62950427248,86217.82444665559
2016-07-21,106804.52731652833,92436.669447754,84915.6141157228,98925.62999255373,85848.22483728059
2016-07-22,106419.87253137208,92797.7739399415,85245.3182172853,99318.13487536623,86162.22874353059
2016-07-25,106903.01779504395,92344.20899853525,84831.19370556655,98825.12950427248,85767.82444665559
2016-07-26,106582.06540246583,92645.511244629,85106.2957563478,99152.63194567873,86029.82639978059
2016-07-27,106616.3630098877,92613.31349072275,85076.89780712905,99117.63438708498,86001.82835290559
2016-07-28,106488.97018762208,92732.9067524415,85186.0916547853,99247.62706286623,86105.82249353059
2016-07-29,106659.48923059083,92572.827650879,85039.9324750978,99073.62803942873,85966.62327478059
2016-08-01,106832.95114465333,92409.985854004,84891.2508344728,98896.62608630373,85825.02171228059
2016-08-02,106697.7106661377,92536.94630322275,85007.17124462905,99034.62657458498,85935.42210290559
2016-08-03,106021.01779504395,93172.20899853525,85587.19370556655,99725.12950427248,86487.82444665559
2016-08-04,106352.25827355958,92861.2485493165,85303.2732954103,99387.12901599123,86217.42405603059
2016-08-05,106374.79635949708,92840.0903461915,85283.9549360353,99364.13096911623,86199.02561853059
2016-08-08,107287.18210168458,91983.5649555665,84501.9100141603,98433.12510974123,85454.22093103059
2016-08-09,107190.1510958252,92074.65528759775,84585.07944775405,98532.13634020998,85533.42991540559
2016-08-10,107231.80588098145,92035.55079541025,84549.37534619155,98489.63145739748,85499.42600915559
2016-08-11,106925.55588098145,92323.05079541025,84811.87534619155,98802.13145739748,85749.42600915559
2016-08-12,107430.25827355958,91849.2485493165,84379.2732954103,98287.12901599123,85337.42405603059
2016-08-15,107344.9987520752,91929.28810009775,84452.35288525405,98374.12852770998,85407.02366540559
2016-08-16,107643.89157434083,91648.694838379,84196.1590375978,98069.13585192873,85163.02952478059
2016-08-17,107055.89157434083,92200.694838379,84700.1590375978,98669.13585192873,85643.02952478059
2016-08-18,107255.3249239502,92013.47169384775,84529.21616650405,98465.63243395998,85480.22679040559
2016-08-19,107490.52731652833,91792.669447754,84327.6141157228,98225.62999255373,85288.22483728059
2016-08-22,107336.18210168458,91937.5649555665,84459.9100141603,98383.12510974123,85414.22093103059
2016-08-23,107275.9010958252,91994.15528759775,84511.57944775405,98444.63634020998,85463.42991540559
2016-08-24,107484.64157434083,91798.194838379,84332.6590375978,98231.63585192873,85293.02952478059
2016-08-25,106923.10348840333,92325.353041504,84813.9773969728,98804.63389880373,85751.42796228059
2016-08-26,106777.5749239502,92461.97169384775,84938.71616650405,98953.13243395998,85870.22679040559
2016-08-29,106609.50827355958,92619.7485493165,84720.22250366225,99124.62901599123,86007.42405603059
2016-08-30,107165.16061730958,92098.1157368165,84193.37603588881,98557.63682849123,85553.83030603059
2016-08-31,106956.43210168458,92294.0649555665,84359.50689526381,98770.62510974123,85724.22093103059
2016-09-01,106703.09396691895,92531.89259228525,84561.14336987319,99029.13341052248,85931.02757165559
2016-09-02,106698.69162316895,92536.02540478525,84564.64727612319,99033.62559802248,85934.62132165559
2016-09-06,107145.56540246583,92116.511244629,84208.97222729506,98577.63194567873,85569.82639978059
2016-09-07,107464.06540246583,91817.511244629,83955.47222729506,98252.63194567873,85309.82639978059
2016-09-08,107448.38205285645,91832.23438916025,83967.95489331069,98268.63536364748,85322.62913415559
2016-09-09,107210.2487520752,92055.78810009775,84157.48956127944,98511.62852770998,85517.02366540559
2016-09-12,104589.23923059083,94516.327650879,82041.98053051773,101186.12803942873,87656.62327478059
2016-09-13,106119.50827355958,93079.7485493165,80774.38449047867,99624.62901599123,86407.42405603059
2016-09-14,104550.52731652833,94552.669447754,81991.14523266617,101225.62999255373,87688.22483728059
2016-09-15,104489.27731652833,94610.169447754,82038.64523266617,101288.12999255373,87738.22483728059
2016-09-16,105542.2868380127,93621.62989697275,81222.02560375992,100213.63048083498,86878.62522790559
2016-09-19,105145.38205285645,93994.23438916025,81529.82931469742,100618.63536364748,87202.62913415559
2016-09-20,105143.43210168458,93996.0649555665,81531.34152172867,100620.62510974123,87204.22093103059
2016-09-21,105174.7868380127,93966.62989697275,81507.02560375992,100551.66064294436,87178.62522790559
2016-09-22,106319.43210168458,92892.0649555665,80619.34152172867,101626.22558435061,86244.22093103059
2016-09-23,107008.3630098877,92245.31349072275,80085.06857250992,100863.74765954592,85681.82835290559
2016-09-26,106396.35348840333,92819.853041504,80559.68820141617,101450.77720056154,86181.42796228059
2016-09-27,105485.45114465333,93674.985854004,81266.10226391617,102324.49985681154,86925.02171228059
2016-09-28,106163.1130098877,93038.81349072275,80740.56857250992,101674.49765954592,86371.82835290559
2016-09-29,106723.68210168458,92512.5649555665,80305.84152172867,101136.80893884279,85914.22093103059
2016-09-30,105731.91061730958,93443.6157368165,81074.97042797867,102088.09995446779,86723.83030603059
2016-10-03,106571.77731652833,92655.169447754,80423.64523266617,101282.51352868654,86038.22483728059
2016-10-04,106225.34396691895,92980.39259228525,80692.30783032242,101614.80674157717,86321.02757165559
2016-10-05,105700.55588098145,93473.05079541025,81099.28634594742,102118.17490563967,86749.42600915559
2016-10-06,106153.31540246583,93048.011244629,80748.16671704117,101683.89536462404,86379.82639978059
2016-10-07,106204.27731652833,93000.169447754,80708.64523266617,101635.01352868654,86338.22483728059
2016-10-10,105859.80588098145,93323.55079541025,80975.78634594742,101965.42490563967,86619.42600915559
2016-10-11,106345.88205285645,92867.23438916025,80598.82931469742,101499.18857751467,86222.62913415559
2016-10-12,105026.31540246583,94106.011244629,81622.16671704117,102764.89536462404,87299.82639978059
2016-10-13,105146.3630098877,93993.31349072275,81529.06857250992,102649.74765954592,87201.82835290559
2016-10-14,104821.4987520752,94298.28810009775,81781.00411938492,102961.35215173342,87467.02366540559
2016-10-17,104842.56540246583,94278.511244629,81764.66671704117,102941.14536462404,87449.82639978059
2016-10-18,104525.04635949708,94576.5903461915,82010.90597485367,103245.70444665529,87709.02561853059
2016-10-19,105166.95114465333,93973.985854004,82427.90268579117,102629.99985681154,87185.02171228059
2016-10-20,105396.75827355958,93758.2485493165,82168.38010864274,102409.57261071779,86997.42405603059
2016-10-21,105252.2106661377,93893.94630322275,82280.47825317399,102548.22031579592,87115.42210290559
2016-10-24,105243.38205285645,93902.23438916025,82287.32493286149,102556.68857751467,87122.62913415559
2016-10-25,105741.72018762208,93434.4067524415,81900.85862426774,102078.69077478029,86715.82249353059
2016-10-26,105341.38205285645,92990.58242041025,81508.64177270525,102462.68857751467,87042.62913415559
2016-10-27,105158.6130098877,93058.8157043458,81568.9409538576,102637.99765954592,87191.82835290559
2016-10-28,104845.50827355958,93333.58108520518,81811.75687182635,102938.32261071779,87447.42405603059
2016-10-31,104520.63205285645,93618.67654418955,81478.75652612324,102517.6905950928,87712.62913415559
2016-11-01,104507.89157434083,93629.85696411143,81468.87615502949,102505.2101263428,87723.02952478059
2016-11-02,103800.8249239502,94250.3440246583,81936.41986108417,103095.7916497803,88300.22679040559
2016-11-03,103125.60348840333,94842.88528442393,82460.06097436542,102332.98768493655,88851.42796228059
2016-11-04,102670.88205285645,95241.92654418955,82016.32017407246,102677.72797399905,88373.55325427279
2016-11-07,102500.3630098877,95391.5657043458,82070.58167578145,102844.76703649905,88227.39407458529
2016-11-08,104771.02731652833,93398.94192504893,83796.52308618184,105013.25752648928,90173.67776599154
2016-11-09,105164.98923059083,93053.22024536143,83399.83228198261,104514.85113146974,89746.47228454622
2016-11-10,106326.2868380127,93980.31706323253,82475.53418627949,103353.55352404786,90630.44832019077
2016-11-11,106533.06540246583,93705.83814257824,82310.95532885761,103146.77495959474,90368.73586096226
2016-11-14,106384.59396691895,93836.12940234387,82429.12647143574,103295.24639514161,90492.96706213414
2016-11-15,106372.34396691895,93846.87940234387,82438.87647143574,103307.49639514161,90503.21706213414
2016-11-16,107165.6510958252,93150.71192187512,81807.46875659199,102514.18926623536,91078.27246179235
2016-11-17,106996.60348840333,93299.05982226574,81942.01685229511,102683.23687365724,91130.32447424352
2016-11-18,107495.43210168458,92861.31226367199,81544.98999682636,102184.40826037599,90712.93726721227
2016-11-21,107239.64157434083,93085.78150195324,81748.57837573261,102440.19878771974,90926.96607580602
2016-11-22,108037.3630098877,92385.74024218762,81113.65723315449,101642.47735217286,91504.98938098182
2016-11-23,108270.60348840333,92181.05982226574,80928.01685229511,101409.23687365724,91700.14978137244
2016-11-25,108357.8249239502,92104.51856250012,80858.59570971699,101322.01543811036,91536.8480426029
2016-11-28,108780.70114465333,91733.42310351574,80522.02075854511,100899.13921740724,91800.2897288822
2016-11-29,108210.8249239502,92233.51856250012,80975.59570971699,101469.01543811036,91323.45452380407
2016-11-30,108354.88205285645,92107.10108203137,81002.17168139668,101324.95830920411,91443.99212146032
2016-12-01,108068.23923059083,92358.64478320324,81133.39865112324,101611.60113146974,91204.1481273197
2016-12-02,107689.47018762208,92691.03394335949,81411.67794799824,101990.37017443849,91430.9261141361
2016-12-05,107732.09396691895,92653.62940234387,81380.36251831074,101947.74639514161,91395.26131921423
2016-12-06,108357.33444543458,93097.48791455092,80921.00216674824,101322.50591662599,90872.1009188236
2016-12-07,108725.81540246583,92689.04927587904,80650.28146362324,100954.02495959474,90563.78011804236
2016-12-08,110152.70114465333,91466.00435400404,79601.95724487324,99527.13921740724,89369.85531335486
2016-12-09,110389.85348840333,91262.73091650404,79427.72286987324,99289.98687365724,89171.42171960486
2016-12-12,111043.51779504395,90702.44722509779,79816.0092980959,98636.32256701661,89604.08373962439
2016-12-13,110917.58444543458,90810.39009619154,79826.87813964863,98762.25591662599,89616.19473449743
2016-12-14,111640.8249239502,90190.46968603529,80264.4848828127,98039.01543811036,90103.81367688025
2016-12-15,110737.26779504395,90964.94722509779,80830.37263305685,98942.57256701661,90734.37431286658
2016-12-16,111166.01779504395,90597.44722509779,81057.75783203146,98513.82256701661,90393.12431286658
2016-12-19,110971.97970910645,90763.76558447279,80919.15919921896,98707.86065295411,90547.56278942908
2016-12-20,111190.51779504395,90576.44722509779,81075.25783203146,98489.32256701661,90373.62431286658
2016-12-21,111593.7868380127,90230.78804541029,80708.01996459982,98086.05352404786,90052.65507458533
2016-12-22,111320.3630098877,90465.15132666029,80903.32269897482,98359.47735217286,90270.27812146033
2016-12-23,111113.58444543458,90642.39009619154,80676.34242675803,98566.25591662599,90434.8569788822
2016-12-27,111252.25827355958,90523.52681494154,80775.39516113303,98427.58208850099,90324.4839320072
2016-12-28,111501.66061730958,90309.75337744154,80518.01797851584,98178.17974475099,90125.9800257572
2016-12-29,110572.62253137208,91106.07173681654,79775.00854980492,99107.21783068849,90865.4185023197
2016-12-30,110540.2868380127,91133.78804541029,79719.35827636742,98979.1852213135,90891.15507458533
2017-01-03,110029.22018762208,91571.84517431654,80084.4058837893,98520.268229126,91297.9224085697
2017-01-04,110960.22018762208,90773.84517431654,79419.4058837893,99356.268229126,91968.3692054447
2017-01-05,111593.29635949708,90231.20845556654,78967.2086181643,98688.44714318849,91361.2591273197
2017-01-06,111507.54635949708,90304.70845556654,79028.4586181643,98765.44714318849,91431.2591273197
2017-01-09,111898.56540246583,89969.54927587904,78749.15930175805,98414.32800256349,91112.0599085697
2017-01-10,111502.64157434083,90308.91255712904,78397.01932617211,98769.85144006349,91435.2630335697
2017-01-11,111502.64157434083,90308.91255712904,78397.01932617211,98769.85144006349,91435.2630335697
2017-01-12,111817.22970910645,90039.26558447279,78615.30497070336,98487.36413537599,91178.4563929447
2017-01-13,111578.10348840333,90244.23091650404,78703.8684047854,98702.08972131349,91373.6614710697
2017-01-17,111783.9010958252,90067.83296728529,78561.07006494165,98517.29186975099,91205.6634241947
2017-01-18,111453.1510958252,90351.33296728529,78790.57006494165,98814.29186975099,91475.6634241947
2017-01-19,111649.1510958252,90183.33296728529,78654.57006494165,98638.29186975099,91315.6634241947
2017-01-20,111247.35348840333,90527.73091650404,78933.3684047854,98999.08972131349,91643.6614710697
2017-01-23,111620.73923059083,90207.68599462904,78674.2844204104,98663.80456506349,91338.8567835697
2017-01-24,111321.34396691895,90464.31050634779,78882.02807275415,98932.64929162599,91583.2610804447
2017-01-25,112049.97970910645,89839.76558447279,78376.44408837915,98278.36413537599,90988.4563929447
2017-01-26,112946.68210168458,89071.16353369154,77754.2424282229,97473.16198693849,90256.4544398197
2017-01-27,112863.8630098877,89142.15132666029,77811.70873681665,97547.53015100099,90324.0618616947
2017-01-30,112766.35348840333,89225.73091650404,77879.3684047854,97635.08972131349,90403.6614710697
2017-01-31,112090.64157434083,89804.91255712904,78348.2297329104,98241.85144006349,90955.2630335697
2017-02-01,111991.18210168458,89890.16353369154,78417.2424282229,98331.16198693849,91036.4544398197
2017-02-02,112024.4987520752,89861.60640478529,78394.12475244165,98301.24499475099,91009.2571741947
2017-02-03,112088.20114465333,89807.00435400404,78349.9230922854,98244.04284631349,90957.2552210697
2017-02-06,112900.12253137208,89111.07173681654,77786.5490688479,97514.97058068849,90294.4622523197
2017-02-07,112661.98923059083,89315.18599462904,77951.7844204104,97728.80456506349,90488.8567835697
2017-02-08,112687.47018762208,89293.34517431654,77934.1037563479,97705.92370568849,90468.0560023197
2017-02-09,112765.37253137208,89226.57173681654,77880.0490688479,97635.97058068849,90404.4622523197
2017-02-10,113412.18210168458,88672.16353369154,77431.2424282229,97055.16198693849,89876.4544398197
2017-02-13,113815.45114465333,88326.50435400404,77151.4230922854,96693.04284631349,89547.2552210697
2017-02-14,114410.79635949708,87816.20845556654,76738.3264125979,96158.44714318849,89061.2591273197
2017-02-15,114867.97018762208,87424.34517431654,76421.1037563479,95747.92370568849,88688.0560023197
2017-02-16,115439.79635949708,86934.20845556654,76024.3264125979,95234.44714318849,88221.2591273197
2017-02-17,115340.3249239502,87019.46968603529,76093.34740869165,95323.76843225099,88302.4602991947
2017-02-21,115533.38205285645,86853.99214697279,75959.38940087915,95150.41101037599,88144.8626429447
2017-02-22,116230.16061730958,86256.75337744154,75475.9103969729,94524.73229943849,87576.0638148197
2017-02-23,116104.72970910645,86364.26558447279,75562.94408837915,94637.36413537599,87678.4563929447
2017-02-24,116153.23923059083,86322.68599462904,75529.2844204104,94593.80456506349,87638.8567835697
2017-02-27,116326.2106661377,86174.42476416029,75409.26342431665,94438.48327600099,87497.6556116947
2017-02-28,116444.29635949708,86073.20845556654,75327.3264125979,94332.44714318849,87401.2591273197
2017-03-01,116144.9010958252,86329.83296728529,75535.07006494165,94601.29186975099,87645.6634241947
2017-03-02,117728.58444543458,84972.39009619154,74436.1877407229,93179.20886193849,86352.8606898197
2017-03-03,117040.62253137208,85562.07173681654,74913.5490688479,93796.97058068849,86914.4622523197
2017-03-06,117099.43210168458,85511.66353369154,74872.7424282229,93744.16198693849,86866.4544398197
2017-03-07,116716.73923059083,85839.68599462904,74556.75388818384,94087.80456506349,87178.8567835697
2017-03-08,116377.6510958252,86130.33296728529,74342.22874169947,94392.29186975099,86844.21964489784
2017-03-09,116112.56540246583,86357.54927587904,74174.52146630884,94088.93809167483,86953.71444470252
2017-03-10,116205.18210168458,86278.16353369154,74233.11570459009,94162.65342370608,86885.66952282752
2017-03-13,116583.95114465333,85953.50435400404,73920.17533642604,93768.95425085453,86607.39022595252
2017-03-14,116626.5749239502,85916.96968603529,73873.59079785184,93710.34789587407,86576.07479626502
2017-03-15,116233.59396691895,86253.81050634779,73624.97019238309,93397.56713415532,86864.79549939002
2017-03-16,117204.2868380127,86881.8164174806,74239.08200878934,94170.15941931157,86151.63339001502
2017-03-17,117014.16061730958,86935.63162744153,74118.79807324246,94228.45923010258,86291.31796032752
2017-03-20,116860.79635949708,87048.30740869153,74021.77170605496,94350.52465979008,86403.99374157752
2017-03-21,116626.5749239502,87220.38846337903,73873.59079785184,94071.35176721196,86576.07479626502
2017-03-22,115183.52731652833,88280.58670556653,74712.96171508815,92922.80367150884,87636.27303845252
2017-03-23,115400.59396691895,88121.10916650403,74777.62497534207,93095.57100549321,87476.79549939002
2017-03-24,115278.58444543458,88210.74881494153,74700.43527807645,92998.46138635259,87566.43514782752
2017-03-27,115181.56540246583,88050.6890190431,74639.0558835452,92984.18818615728,87637.71444470252
2017-03-28,115064.4606661377,87962.26299365248,74564.96921362332,92799.56715637213,87723.75057751502
2017-03-29,115896.47970910645,87247.36488305677,73966.00052636745,92046.02590466314,87112.47128064002
2017-03-30,116021.91061730958,87152.65174829114,73886.64627832058,91946.19314099126,87020.31796032752
2017-03-31,116361.48923059083,86896.2352443849,73671.81082910183,91675.91628552251,86770.83163220252
2017-04-03,116099.8249239502,87093.81849633802,73837.3535537112,91884.17971325689,86963.07479626502
2017-04-04,115909.7106661377,87237.37416040052,73643.8328674319,92035.49514294439,87102.75057751502
2017-04-05,115974.38205285645,87188.54066430677,73684.74741821316,91984.02199841314,87055.23690564002
2017-04-06,115621.09396691895,87455.30921899427,73835.09125000026,92265.21047497564,87314.79549939002
2017-04-07,115843.55588098145,87287.32777368177,73694.35003906276,92088.14895153814,87151.35409314002
2017-04-10,115748.00827355958,87359.47596704114,73754.79852539088,92164.19704724126,87221.55233532752
2017-04-11,115827.38205285645,87299.54066430677,73704.58246093776,92101.02199841314,87163.23690564002
2017-04-12,115661.76779504395,87424.59632836927,73809.35882812526,92232.83742810064,86956.70336755409
2017-04-13,115228.1130098877,87752.04994165052,74083.71185546901,92577.99123669439,87190.57080212439
2017-04-17,114445.09396691895,88343.30921899427,74579.09125000026,93201.21047497564,87765.85009899939
2017-04-18,115428.0368380127,87601.08705102552,73957.22943359401,92418.86818981939,87043.68798962439
2017-04-19,115093.85348840333,87853.4295803224,74168.65155273463,92684.85085583501,87289.21045056189
2017-04-20,114896.87253137208,88002.17030297864,74293.27215820338,92841.63161755376,87433.93115368689
2017-04-21,115762.7106661377,87348.37416040052,73745.49701171901,93439.57946521002,86797.80517712439
2017-04-24,115412.35348840333,87612.9295803224,73967.15155273463,93626.5574146729,87055.21045056189
2017-04-25,116659.89157434083,86670.9110256349,73177.89276367213,92633.6189381104,86138.65185681189
2017-04-26,117368.44162316895,86135.88343774427,72729.62640625026,92069.67094006353,85618.08447399939
2017-04-27,117311.59396691895,86178.80921899427,72765.59125000026,92114.91703381353,85659.85009899939
2017-04-28,117376.27731652833,86129.9666896974,72724.66913085963,92063.4343677979,85612.32763806189
2017-05-01,117152.34396691895,86299.05921899427,72866.34125000026,92241.66703381353,85776.85009899939
2017-05-02,117354.72018762208,86146.24452172864,72738.30731445338,92080.59208264165,85628.16552868689
2017-05-03,117493.87253137208,86041.17030297864,72650.27215820338,91969.83817639165,85525.93115368689
2017-05-04,117344.91061730958,86153.65174829114,72744.51336914088,92088.39969982915,85635.37255993689
2017-05-05,117413.02731652833,86102.2166896974,72701.41913085963,92034.1843677979,85585.32763806189
2017-05-08,117891.75827355958,85740.72596704114,72398.54852539088,91653.15360607915,85233.60693493689
2017-05-09,117896.16061730958,85659.89534692396,72395.76336914088,91649.64969982915,85230.37255993689
2017-05-10,117775.62253137208,85662.01568383804,72472.02215820338,91745.58817639165,85318.93115368689
2017-05-11,117908.41061730958,85567.16705102554,72388.01336914088,91639.89969982915,85221.37255993689
2017-05-12,117654.10348840333,85748.81500024429,72548.90155273463,91842.3074146729,85408.21045056189
2017-05-15,117480.64157434083,85872.71636743179,72370.86718261745,91980.3689381104,85535.65185681189
2017-05-16,118040.22970910645,86188.74068139664,71956.53520507838,91534.98246350103,85124.52588024939
2017-05-17,117959.37253137208,86130.98555444351,72006.03959960963,91599.33817639165,85183.93115368689
2017-05-18,115821.01779504395,87574.35834741227,73315.23637695338,93301.29398693853,86754.96728649939
2017-05-19,116246.8249239502,87270.21039819352,73054.53813476588,93548.27753063971,86982.95209606971
2017-05-22,117031.31540246583,86709.86005639665,72574.23784179713,92831.62407092292,86321.42582556189
2017-05-23,117633.52731652833,86279.70868920915,72205.53666992213,92352.31254748542,85878.98441931189
2017-05-24,117849.12253137208,86125.7121071779,72073.53959960963,92180.71635607917,85720.58793493689
2017-05-25,118141.6510958252,85916.76313256852,71894.44047851588,91947.88749865729,85505.66898962439
2017-05-26,118664.97970910645,85542.95698022477,71574.03520507838,91531.36064318854,85121.18266149939
2017-05-30,118701.72970910645,85516.70698022477,71551.53520507838,91502.11064318854,85094.18266149939
2017-05-31,118559.13205285645,85618.56244897477,71638.83989257838,91615.60673693854,85198.94828649939
2017-06-01,118504.7487520752,85657.40766381852,71672.13579101588,91658.89140490729,85238.90336462439
2017-06-02,119399.48923059083,85018.30732202165,71124.33549804713,90946.75102404792,84581.54301306189
2017-06-05,119840.97970910645,84702.95698022477,70854.03520507838,90595.36064318854,84257.18266149939
2017-06-06,119695.45114465333,84806.90595483415,70943.13432617213,90711.18950061042,84364.10160681189
2017-06-07,119363.72018762208,85043.8566384279,71146.23491210963,90975.22026232917,84607.82230993689
2017-06-08,119550.4010958252,84910.51313256852,71031.94047851588,90826.63749865729,84470.66898962439
2017-06-09,119582.25827355958,84887.7580056154,71012.43608398463,90801.28178576667,84447.26371618689
2017-06-12,119483.27731652833,84958.45868920915,71073.03666992213,90880.06254748542,84519.98441931189
2017-06-13,119366.6510958252,85041.76313256852,71144.44047851588,90972.88749865729,84605.66898962439
2017-06-14,119903.70114465333,84658.15595483415,70815.63432617213,90545.43950061042,84211.10160681189
2017-06-15,119784.62253137208,84743.2121071779,70888.53959960963,90640.21635607917,84045.50372692909
2017-06-16,119517.08444543458,84934.3107399904,71052.33842773463,90853.15483264167,84148.25312146034
2017-06-19,119550.89157434083,84910.16279077165,71031.64018554713,90826.24711779792,84124.79511364784
2017-06-20,120546.08444543458,84199.3107399904,70422.33842773463,90034.15483264167,83434.25312146034
2017-06-21,119741.01779504395,84774.35834741227,70915.23637695338,90674.92216662604,83992.87079724159
2017-06-22,119671.44162316895,84824.05561303727,70957.83403320338,90730.29911975104,84041.14814099159
2017-06-23,119617.04635949708,84862.9093728029,70991.13725585963,90773.59330920417,84078.89179333534
2017-06-26,119803.2487520752,84729.90766381852,70877.13579101588,90625.39140490729,83949.69013317909
2017-06-27,119840.97970910645,84702.95698022477,70854.03520507838,90595.36064318854,83923.50946911659
2017-06-28,118876.16061730958,85392.1134743654,71444.74077148463,91363.27787951667,84592.97577771034
2017-06-29,119920.35348840333,84646.26142358415,70805.43901367213,90532.18559436042,83868.43378552284
2017-06-30,118891.84396691895,85380.91108178727,71435.13872070338,91350.79521350104,84582.09345349159
2017-07-03,119073.63205285645,85251.06244897477,71323.83989257838,91206.10673693854,84455.95478161659
2017-07-05,119348.0368380127,85055.05903100602,71155.83696289088,90987.70292834479,84265.55146130409
2017-07-06,119521.00827355958,84931.5080056154,71049.93608398463,90850.03178576667,84145.53046521034
2017-07-07,118404.29635949708,85729.1593728029,71733.63725585963,91738.84330920417,84920.39179333534
2017-07-10,119160.3630098877,85189.11176538102,71270.73930664088,91137.07597521979,84395.77411755409
2017-07-11,119270.6130098877,85110.36176538102,71203.23930664088,91049.32597521979,84319.27411755409
2017-07-12,119177.51779504395,85176.85834741227,71260.23637695338,91123.42216662604,84383.87079724159
2017-07-13,120045.79635949708,84556.6593728029,70728.63725585963,90432.34330920417,83781.39179333534
2017-07-14,120270.22018762208,84396.3566384279,70591.23491210963,90253.72026232917,83625.66913708534
2017-07-17,120830.77731652833,83995.95868920915,70248.03666992213,89807.56254748542,83236.71112927284
2017-07-18,120824.4010958252,84000.51313256852,70251.94047851588,89812.63749865729,83241.13544567909
2017-07-19,120896.44162316895,83949.05561303727,70207.83403320338,89755.29911975104,83191.14814099159
2017-07-20,121544.22018762208,83486.3566384279,69811.23491210963,89239.72026232917,82741.66913708534
2017-07-21,121525.59396691895,83499.66108178727,69822.63872070338,89254.54521350104,82754.59345349159
2017-07-24,121481.00827355958,83531.5080056154,69849.93608398463,89290.03178576667,82785.53046521034
2017-07-25,121352.13205285645,83623.56244897477,69928.83989257838,89392.60673693854,82874.95478161659
2017-07-26,121705.91061730958,83370.8634743654,69712.24077148463,89111.02787951667,82629.47577771034
2017-07-27,121740.22018762208,83346.3566384279,69691.23491210963,89083.72026232917,82605.66913708534
2017-07-28,121622.12253137208,83430.7121071779,69763.53959960963,89177.71635607917,82687.61444958534
2017-07-31,121459.45114465333,83546.90595483415,69863.13432617213,89307.18950061042,82800.48847302284
2017-08-01,121371.2487520752,83609.90766381852,69917.13579101588,89377.39140490729,82861.69013317909
2017-08-02,121667.70114465333,83398.15595483415,69735.63432617213,89141.43950061042,82655.98847302284
2017-08-03,121727.47970910645,83355.45698022477,69699.03520507838,89093.86064318854,82614.50946911659
2017-08-04,121462.38205285645,83544.81244897477,69861.33989257838,89304.85673693854,82798.45478161659
2017-08-07,121691.22018762208,83381.3566384279,69721.23491210963,89122.72026232917,82639.66913708534
2017-08-08,121891.13205285645,83238.56244897477,69598.83989257838,88963.60673693854,82500.95478161659
2017-08-09,121597.62253137208,83448.2121071779,69778.53959960963,89197.21635607917,82704.61444958534
2017-08-10,121553.52731652833,83479.70868920915,69805.53666992213,89232.31254748542,82735.21112927284
2017-08-11,119798.83444543458,84733.0607399904,70879.83842773463,87854.0857174073,83952.75312146034
2017-08-14,119951.22970910645,84624.20698022477,70786.53520507838,87966.0495845948,83847.00946911659
2017-08-15,121152.7106661377,85374.88276196308,70050.93461914088,86995.44135900887,83013.32880505409
2017-08-16,121092.44162316895,85332.86353491229,70087.83403320338,87039.72065588387,83055.14814099159
2017-08-17,121263.94162316895,85213.86353491229,69982.83403320338,86913.72065588387,82936.14814099159
2017-08-18,119397.0368380127,86509.26685522479,71125.83696289088,88285.32417150887,84231.55146130409
2017-08-21,119178.4987520752,86660.90552709979,71259.63579101588,88037.28521740732,84383.19013317909
2017-08-22,119316.68210168458,86565.02320288104,71175.03374023463,88138.80767834482,84287.30780896034
2017-08-23,120499.5368380127,85744.26685522479,70450.83696289088,87182.35022131357,83466.55146130409
2017-08-24,120084.50827355958,86032.24585913104,70704.93608398463,87487.26916662607,83754.53046521034
2017-08-25,119836.0749239502,86204.62818334979,70857.03813476588,87669.79162756357,83926.91278942909
2017-08-28,120035.9987520752,86065.90552709979,70734.63579101588,87522.90881506357,83788.19013317909
2017-08-29,120094.30588098145,86025.44751928729,70698.93754882838,87480.07092443857,83747.73212536659
2017-08-30,120195.2487520752,85955.40552709979,70637.13579101588,87405.90881506357,83677.69013317909
2017-08-31,120748.4606661377,85571.54419897479,70298.43461914088,86999.46740881357,83293.82880505409
2017-09-01,121437.39157434083,85093.51050756854,69876.64018554713,86493.31408850107,82815.79511364784
2017-09-05,121677.4987520752,84926.90552709979,69729.63579101588,86316.90881506357,82649.19013317909
2017-09-06,120761.20114465333,85562.70386694354,70290.63432617213,86990.10705725107,83284.98847302284
2017-09-07,121138.00827355958,85301.24585913104,70059.93608398463,86713.26916662607,83023.53046521034
2017-09-08,121116.45114465333,85316.20386694354,70073.13432617213,86729.10705725107,83038.48847302284
2017-09-11,120936.6130098877,85440.98951147479,70183.23930664088,86861.23303381357,83163.27411755409
2017-09-12,122243.94162316895,84533.86353491229,69382.83403320338,85900.74670568857,82256.14814099159
2017-09-13,122654.06540246583,84249.28785131854,69131.73784179713,85599.43127600107,81971.57245739784
2017-09-14,122746.68210168458,84185.02320288104,69075.03374023463,85531.38635412607,81907.30780896034
2017-09-15,122611.93210168458,84278.52320288104,69157.53374023463,85630.38635412607,82000.80780896034
2017-09-18,122837.81540246583,84121.78785131854,69019.23784179713,85464.43127600107,81844.07245739784
2017-09-19,123016.18210168458,83998.02320288104,68910.03374023463,85333.38635412607,81720.30780896034
2017-09-20,123152.39157434083,83903.51050756854,68826.64018554713,85233.31408850107,81625.79511364784
2017-09-21,123230.30588098145,83849.44751928729,68778.93754882838,85176.07092443857,81571.73212536659
2017-09-22,122855.95114465333,84109.20386694354,69008.13432617213,85451.10705725107,81831.48847302284
2017-09-25,122935.3249239502,84054.12818334979,68959.53813476588,85392.79162756357,81803.30520739785
2017-09-26,122662.88205285645,84243.17017553729,69126.33989257838,85592.95373693857,81901.15604333534
2017-09-27,122671.7106661377,84237.04419897479,69120.93461914088,85586.46740881357,81895.39041833534
2017-09-28,123171.50827355958,83890.24585913104,68814.93608398463,85219.26916662607,81568.99198083534
2017-09-29,123319.48923059083,83787.56519506854,68724.33549804713,85110.54846350107,81472.35135583534
2017-10-02,123775.19162316895,83471.36353491229,68445.33403320338,84775.74670568857,81174.74979333534
2017-10-03,124253.43210168458,83139.52320288104,68152.53374023463,84424.38635412607,80862.42948083534
2017-10-04,124520.97018762208,82953.88453100604,67988.73491210963,84227.82776037607,80687.71073083534
2017-10-05,124675.80588098145,82846.44751928729,67893.93754882838,84114.07092443857,80586.59354333534
2017-10-06,125377.97970910645,82359.22486303729,67464.03520507838,83598.18811193857,80128.03104333534
2017-10-09,125243.72018762208,82452.38453100604,67546.23491210963,83696.82776037607,80215.71073083534
2017-10-10,125018.31540246583,82608.78785131854,67684.23784179713,83862.43127600107,80362.91385583534
2017-10-11,125307.9010958252,82407.85083959979,67506.94047851588,83649.67444006357,80173.79666833534
2017-10-12,125533.30588098145,82251.44751928729,67368.93754882838,83484.07092443857,80026.59354333534
2017-10-13,125322.1130098877,82397.98951147479,67498.23930664088,83639.23303381357,80164.51541833534
2017-10-16,125431.87253137208,82321.82984350604,67490.15487451198,83558.59338537607,80092.83573083534
2017-10-17,125650.9010958252,82169.85083959979,67307.55321826198,83397.67444006357,79949.79666833534
2017-10-18,125735.19162316895,82111.36353491229,67285.78016699245,83335.74670568857,79894.74979333534
2017-10-19,125828.2868380127,82046.76685522479,67169.83934326198,83267.35022131357,79833.95291833534
2017-10-20,125869.45114465333,82018.20386694354,67147.99705810573,83237.10705725107,79807.07010583534
2017-10-23,126511.83444543458,81572.46851538104,67422.23890087917,82765.15197912607,79387.55448083534
2017-10-24,126010.56540246583,81920.28785131854,67621.26293408229,83133.43127600107,79714.91385583534
2017-10-25,126213.91061730958,81779.19117163104,67662.47091552762,82984.03479162607,79582.11698083534
2017-10-26,125626.89157434083,82186.51050756854,67350.99142334012,83415.31408850107,79965.47635583534
2017-10-27,125786.14157434083,82076.01050756854,67200.00552587918,83298.31408850107,79861.47635583534
2017-10-30,126798.97970910645,81373.22486303729,67670.85944482451,82554.18811193857,79200.03104333534
2017-10-31,126395.22018762208,81653.38453100604,67817.99136914093,82850.82776037607,79463.71073083534
2017-11-01,126514.2868380127,81570.76685522479,67814.27600976593,82763.35022131357,79385.95291833534
2017-11-02,126715.19162316895,81431.36353491229,67920.87854882843,82615.74670568857,79254.74979333534
2017-11-03,126739.20114465333,81414.70386694354,67933.61829492218,82598.10705725107,79239.07010583534
2017-11-06,127130.7106661377,81143.04419897479,68141.35804101593,82310.46740881357,78983.39041833534
2017-11-07,127291.91061730958,81031.19117163104,67988.53953076203,82192.03479162607,78878.11698083534
2017-11-08,127267.9010958252,81047.85083959979,68001.27927685578,82209.67444006357,78893.79666833534
2017-11-09,127451.16061730958,80920.69117163104,67904.03953076203,82075.03479162607,78774.11698083534
2017-11-10,126972.93210168458,81252.52320288104,67582.83174755893,82426.38635412607,79086.42948083534
2017-11-13,126859.2487520752,81331.40552709979,67522.50997021518,82509.90881506357,79160.67166833534
2017-11-14,126983.7106661377,81245.04419897479,67588.55098584018,82418.46740881357,79079.39041833534
2017-11-15,126691.18210168458,81448.02320288104,67676.56438183627,82633.38635412607,79270.42948083534
2017-11-16,125992.93210168458,81932.52320288104,67239.0137587894,83146.38635412607,79726.42948083534
2017-11-17,127022.9010958252,81217.85083959979,66625.81947558626,82389.67444006357,79053.79666833534
2017-11-20,126690.20114465333,81448.70386694354,66802.35414355501,82634.10705725107,79271.07010583534
2017-11-21,126851.4010958252,81336.85083959979,66716.81947558626,82515.67444006357,79165.79666833534
2017-11-22,127679.01779504395,80762.58619116229,66277.67592089876,81907.62951818857,78625.31229333534
2017-11-24,127583.47018762208,80828.88453100604,66328.37465136751,81977.82776037607,78687.71073083534
2017-11-27,127845.12253137208,80647.32984350604,66189.53871386751,81785.59338537607,78516.83573083534
2017-11-28,127796.12253137208,80681.32984350604,66215.53871386751,81821.59338537607,78548.83573083534
2017-11-29,129051.50827355958,79810.24585913104,65549.41566699251,80899.26916662607,77728.99198083534
2017-11-30,129003.97970910645,79843.22486303729,65574.63490527376,80934.18811193857,77760.03104333534
2017-12-01,130057.97018762208,79111.88453100604,65015.37465136752,80159.82776037607,77071.71073083534
2017-12-04,129795.3249239502,79294.12818334979,65154.73744433627,80352.79162756357,77243.23416833534
2017-12-05,129659.10348840333,79388.64917944354,65227.01820605502,80452.87268225107,77332.19510583534
2017-12-06,129175.47970910645,79724.22486303729,65483.63490527377,80808.18811193857,77648.03104333534
2017-12-07,129160.77731652833,79734.42652319354,65491.43617480502,80818.98986975107,77657.63260583534
2017-12-08,129538.56540246583,79472.28785131854,65290.97719043002,80541.43127600107,77410.91385583534
2017-12-11,130250.04635949708,78978.60718725604,64913.45668261752,80018.71057287607,76946.27323083534
2017-12-12,130666.05588098145,78689.94751928729,64692.71693652377,79713.07092443857,76674.59354333534
2017-12-13,130867.94162316895,78549.86353491229,64585.59388964877,79564.74670568857,76542.74979333534
2017-12-14,130806.20114465333,78592.70386694354,64618.35414355502,79610.10705725107,76583.07010583534
2017-12-15,130275.0368380127,78961.26685522479,64294.28363183628,80000.35022131357,76929.95291833534
2017-12-18,131441.2392305908,78152.06519506854,64865.48480371128,79143.54846350107,76168.35135583534
2017-12-19,132144.38205285644,77664.17017553729,64456.86887793003,78626.95373693857,75709.15604333534
2017-12-20,131718.5749239502,77959.62818334979,64665.42747168003,78939.79162756357,75987.23416833534
2017-12-21,131609.79635949706,78035.10718725604,64547.79289550816,79019.71057287607,76058.27323083534
2017-12-22,131870.47970910644,77854.22486303729,64675.47453613316,78828.18811193857,75888.03104333534
2017-12-26,131810.2106661377,77896.04419897479,64645.95500488316,78872.46740881357,75927.39041833534
2017-12-27,131671.04635949706,77992.60718725604,64649.71695214879,78974.71057287607,76018.27323083534
2017-12-28,131774.93210168456,77920.52320288104,64598.83413964879,78898.38635412607,75950.42948083534
2017-12-29,132016.00827355956,77753.24585913104,64480.75601464879,78721.26916662607,75792.99198083534
2018-01-02,131333.44162316894,78226.86353491229,64815.07437402379,79222.74670568857,76238.74979333534
2018-01-03,132421.2392305908,77472.06519506854,64282.27554589879,78423.54846350107,75528.35135583534
2018-01-04,133266.4892305908,76885.56519506854,63868.27554589879,77802.54846350107,74976.35135583534
2018-01-05,133802.05588098144,76513.94751928729,63605.95718652379,77409.07092443857,74626.59354333534
2018-01-08,134740.8915743408,75862.51050756854,63146.11929589879,76719.31408850107,74013.47635583534
2018-01-09,134964.33444543456,75707.46851538104,63036.67788964879,76555.15197912607,73867.55448083534
2018-01-10,135139.75827355956,75585.74585913104,62950.75601464879,76426.26916662607,73752.99198083534
