Date,b&h,without_pca,with_pca_and_dwt
2015-01-21,101087.93724060059,98912.06275939941,98912.06275939941
2015-01-22,101087.93724060059,98912.06275939941,98912.06275939941
2015-01-23,98933.79322052002,101066.20677947998,101066.20677947998
2015-01-26,99880.3246307373,100119.6753692627,102033.32739257812
2015-01-27,98999.0919303894,101000.9080696106,101132.92588424683
2015-01-28,95735.27389526367,104264.72610473633,97798.11241149902
2015-01-29,95332.73635864258,103826.19125366211,97386.8187713623
2015-01-30,95158.64645004272,103636.53318405151,97208.94201278687
2015-02-02,97508.61715316772,101076.41404342651,99610.02990341187
2015-02-03,100413.4280204773,97911.8376121521,102578.02698898315
2015-02-04,99553.9510345459,98848.17417144775,103456.19954681396
2015-02-05,100533.08444976807,99820.79975128174,102455.76776123047
2015-02-06,100346.7403793335,100005.9052810669,102265.82066345215
2015-02-09,100412.51258850098,100071.47878265381,102332.86460113525
2015-02-10,99809.64065551758,100672.52935028076,101718.3359298706
2015-02-11,99360.23931503296,101120.57298278809,101260.2452583313
2015-02-12,101300.37427902222,99186.29945373535,99282.59711074829
2015-02-13,102396.55040740967,98093.43503570557,100356.91595077515
2015-02-17,102045.73793411255,98443.18765258789,100013.09852981567
2015-02-18,99809.64065551758,100672.52935028076,97821.58808517456
2015-02-19,98088.76111984253,102388.20985412598,96135.02215957642
2015-02-20,98614.8567199707,101863.70366668701,96650.62763595581
2015-02-23,97617.37678527832,102858.1700668335,97628.21824264526
2015-02-24,98066.82231903078,102410.08237457274,98077.93534469606
2015-02-25,98264.09475326538,102213.40592956543,98275.32697677612
2015-02-26,97222.77509689331,103251.57960510254,99317.27582931519
2015-02-27,97102.20323562624,103371.78720092772,99437.92054367064
2015-03-02,96554.11832809448,103918.21626281738,99986.33662033081
2015-03-03,96093.80756378174,104377.13636016846,100446.92551803589
2015-03-04,95611.46961212158,104858.01709747314,100929.55491256714
2015-03-05,95129.17585372925,104328.80533599854,101412.14008712769
2015-03-06,93912.49731063843,105663.84354400635,102629.55378341675
2015-03-09,93397.27325439453,105083.86625289917,103145.0891532898
2015-03-10,92410.73431015015,103973.33933258057,104132.224193573
2015-03-11,92147.702293396,103677.24951553345,104395.41514205933
2015-03-12,92366.92615509033,103924.02537918091,104643.91300582886
2015-03-13,91983.27808380127,103492.16051101685,105078.79142379761
2015-03-16,92958.82553100586,104590.31452560425,103972.97449874878
2015-03-17,92213.48712921143,103751.3021736145,104817.84147262573
2015-03-18,94394.72793579102,106206.6807975769,102345.3292350769
2015-03-19,92575.19639968874,108254.89061737059,104407.8314476013
2015-03-20,92717.69443511963,108421.58318328855,104246.3049736023
2015-03-23,93693.2418823242,107280.398979187,103140.48804855348
2015-03-24,92695.74300765991,108447.26171112058,104271.18767929077
2015-03-25,93068.43114852905,108883.45320892331,103848.73272323608
2015-03-26,92476.54439926147,108190.71324920651,104519.65691757202
2015-03-27,91665.40853500366,107241.36571502683,105439.10760116577
2015-03-30,93912.49731063843,109871.34212493894,102891.95440292358
2015-03-31,93221.90174102783,109063.07407760617,103674.76847457886
2015-04-01,92629.98342514038,109755.85098266599,104345.72845077515
2015-04-02,92454.6055984497,109961.11191940305,104544.52531051636
2015-04-06,93364.36189651489,111043.47454833981,103513.28493881226
2015-04-07,94044.01016235352,110234.87791061398,102742.8800163269
2015-04-08,92191.52307510376,112438.83384704587,100718.01648712158
2015-04-09,92838.2662963867,113227.8214988708,100011.0929298401
2015-04-10,93835.75254440308,114444.69445037839,98920.78923034668
2015-04-13,93594.583568573,114738.90602874753,99184.39930725098
2015-04-14,95008.57873916626,113013.91735839841,97638.82996368408
2015-04-15,96597.96436309814,111074.96293258664,95901.54984664917
2015-04-16,96214.335231781,111542.96729278562,96320.87619018555
2015-04-17,95337.45872497559,112612.7036476135,95442.9400138855
2015-04-20,95677.22288131714,112198.21190643308,95102.76526641846
2015-04-21,95282.64013290405,112679.57901763913,95497.82485198975
2015-04-22,95918.36660385132,111904.03113555905,94861.33013153076
2015-04-23,96006.08392715454,111797.0213012695,94948.09342956543
2015-04-24,95381.32369995117,112559.19102859494,94330.12817764282
2015-04-27,95425.13185501099,112505.7477264404,94373.45986938477
2015-04-28,96291.07368469238,111449.35101699826,95229.98360061646
2015-04-29,96367.79319763184,111355.75784683225,95305.86870193481
2015-04-30,95819.72091674805,112024.37291336057,94763.75732803345
2015-05-01,97442.00527191162,110045.28402328488,96368.39750289917
2015-05-04,97727.01396942139,109697.5906333923,96650.30640792847
2015-05-05,97178.92906188965,110366.22110366818,97192.43027114868
2015-05-06,96718.56779098511,110927.83403778073,96731.79083633423
2015-05-07,96071.84350967407,111716.79858398435,96084.6757850647
2015-05-08,97595.46955108643,109858.06687545773,97609.22244644165
2015-05-11,95959.78200912476,111853.50684356687,95972.54657363892
2015-05-12,96224.99212265015,111529.96652984616,96237.91693496704
2015-05-13,95716.5927696228,112150.18302154538,95729.21039199829
2015-05-14,96169.80104446411,111597.29631042478,96182.69250869751
2015-05-15,96589.72547531128,111085.01387786862,96602.8706703186
2015-05-18,96037.1265411377,111759.1511878967,96049.93783950806
2015-05-19,96191.85348510742,111570.39366531369,95895.11740493774
2015-05-20,96346.58042907715,111381.63614273068,96049.37689590454
2015-05-21,96434.99853134155,111273.77140045163,95961.22591781616
2015-05-22,95672.42475509644,112204.06533050534,95202.33829879761
2015-05-26,94379.33605194092,113781.55541610715,93915.50017547607
2015-05-27,94114.10068511963,114105.12653732297,93651.54691314697
2015-05-28,94114.10068511963,114105.12653732297,93651.54691314697
2015-05-29,94213.53553771973,113983.82202529904,93552.59271240234
2015-06-01,94136.15943908691,114078.2161903381,93629.59478759766
2015-06-02,94147.2266960144,114091.63064193723,93618.58102798462
2015-06-03,93937.26448059082,113837.13867568967,93409.7606010437
2015-06-04,93130.47218322754,114815.03918838498,94212.16550827026
2015-06-05,93196.76839828491,114896.79784393308,94279.26288604736
2015-06-08,93826.70555114746,115673.65689468381,94916.81257247925
2015-06-09,93528.35048675537,116041.59809494016,94614.85200881958
2015-06-10,94224.5838546753,115182.98038864133,93910.2049446106
2015-06-11,94092.0040512085,115346.48212814328,94044.38692092896
2015-06-12,92909.4363975525,116804.86314392085,95241.24542236327
2015-06-15,92577.89218902588,116387.978855133,94901.28740310666
2015-06-16,93638.88416290283,117722.07208633417,95989.20485305783
2015-06-17,93694.12574768066,117652.61121749872,96045.84833908078
2015-06-18,94522.98942565918,116610.39652633661,96895.74662399289
2015-06-19,94224.5838546753,116985.6122322082,97201.72502517697
2015-06-22,94180.4221534729,117041.1412353515,97156.14908218381
2015-06-23,94069.89479064941,117180.11854171747,97270.21599197385
2015-06-24,93638.88416290283,117722.07208633417,97715.02937698361
2015-06-25,92809.93209838867,118764.39791488642,98570.52794265744
2015-06-26,92732.60650634764,118861.62725448604,98650.32982254027
2015-06-29,91583.20274353027,120306.88962936396,99836.54228591916
2015-06-30,92003.19030761717,120858.83703231804,99403.10496902464
2015-07-01,91085.86433410645,122064.38627243033,98411.50607681274
2015-07-02,91936.86252593994,123205.3923072814,97491.60531234741
2015-07-06,91262.66265869139,124109.34971237175,96776.66829299925
2015-07-07,91638.47589492796,124620.50112915032,96378.1473083496
2015-07-08,90643.81170272829,125973.36463165273,97432.9120559692
2015-07-09,90234.85982894897,125404.78562164295,97866.57401275632
2015-07-10,90920.09538650513,126357.4907684325,97139.93449401853
2015-07-13,91141.09329223633,126664.75130081165,97376.15521621701
2015-07-14,91903.69863510132,125604.47644042957,96561.01995849606
2015-07-15,91516.88127517702,126142.28112030016,96974.48213958736
2015-07-16,91682.64390945436,125911.81597137438,96797.3014144897
2015-07-17,91351.09970092773,126372.77260208118,97151.68310928342
2015-07-20,90411.70866012573,127678.83833312977,98155.78144836423
2015-07-21,90301.1686706543,127522.67972564686,98273.93567275998
2015-07-22,90444.85992431639,127725.67075347887,98120.3466529846
2015-07-23,89726.4415359497,126710.76912689197,98888.25126266477
2015-07-24,88400.2078819275,124837.21366882314,97425.78816986083
2015-07-27,87648.70136260986,123775.56880950916,98254.48871231079
2015-07-28,91207.43370056152,128802.95020294178,94330.20682907104
2015-07-29,91936.86252593994,127772.4942550658,95084.75797653198
2015-07-30,91793.13339233398,127975.53879547107,95233.43729782104
2015-07-31,87593.42821121216,133908.41535949695,99577.78489303589
2015-08-03,86322.46139526367,135703.89597320545,98132.49211502075
2015-08-04,85338.83920669556,134156.84548568714,97013.9561882019
2015-08-05,85338.83920669556,134156.84548568714,97013.9561882019
2015-08-06,86355.61265945436,135756.03660202018,98170.19041061403
2015-08-07,84963.06385040283,133565.8223724364,96586.63943862915
2015-08-10,87085.04148483276,136903.2893104552,98999.66778182983
2015-08-11,86493.81763458252,137833.17189788807,98327.35159683228
2015-08-12,87944.00077819824,135552.3098297118,96678.2611579895
2015-08-13,87787.8596496582,135797.89010620106,96506.55308914185
2015-08-14,87464.33967590332,136306.72544860828,96150.77885818481
2015-08-17,87921.70211791992,135587.3813781737,96653.73936843872
2015-08-18,86951.18007659912,137113.8278274535,95586.45833206177
2015-08-19,85088.23181152342,140043.89086914054,93537.77806472777
2015-08-20,83236.43918991089,142956.40820693958,95574.19049453732
2015-08-21,80514.5379447937,138279.01416397083,98567.45953750607
2015-08-24,76710.5455970764,131742.1233863829,93908.43084335323
2015-08-25,76699.41520690918,131722.99660110462,93894.79863739011
2015-08-26,80927.29043960571,138988.30002212513,99072.9878196716
2015-08-27,83548.75932693481,143493.10818862903,102283.69321823117
2015-08-28,83794.2276763916,143071.28825759876,102584.33632659909
2015-08-31,83983.848361969,142745.43857192982,102352.09395217893
2015-09-01,80458.77235412598,148803.03142166126,106669.51332855222
2015-09-02,81741.6397857666,151176.5299568175,108370.95986175534
2015-09-03,82366.3431930542,150020.73428726185,109199.49398803708
2015-09-04,80882.66786575317,152765.75776290882,111167.26881790158
2015-09-08,82042.82321929932,150619.29510879505,109628.573348999
2015-09-09,80369.53351974487,153715.13381576526,111847.83068466184
2015-09-10,80949.60803985596,152641.9083290099,111078.48713684079
2015-09-11,81139.25397872925,152291.0346946715,110826.96276473996
2015-09-14,80916.13479614258,152703.83888626087,111122.88216400144
2015-09-15,81328.89991760254,151940.16106033314,111690.02892303464
2015-09-16,82935.26206970215,148968.1484260558,109482.85820770261
2015-09-17,83113.7523651123,148637.91441726673,109718.61638641355
2015-09-18,81128.08570861816,152311.6976814269,107095.8566818237
2015-09-21,81920.10482788086,150846.34267044056,108141.99190521237
2015-09-22,81195.0385093689,152187.8248863219,107184.29101562497
2015-09-23,80704.17125701904,153096.0034523009,106535.93100738522
2015-09-24,81183.86392593384,154006.40506744373,105902.33090209958
2015-09-25,81741.6397857666,155064.99961471546,106630.3042297363
2015-09-28,81038.83424758911,156398.84384155262,105713.04745483396
2015-09-29,81451.58042907715,157195.90534973133,106251.73733520505
2015-09-30,82991.02766036987,160168.7593383788,108260.92526245114
2015-10-01,82667.50137329102,160793.52671813953,107838.67947387692
2015-10-02,84697.79691696167,156872.7868041991,110488.4911804199
2015-10-05,85735.2465057373,154869.34941101063,111842.50393676755
2015-10-06,86940.02443313599,152542.78128051746,113414.90292358396
2015-10-07,88401.3758468628,149720.7395172118,111507.64065551755
2015-10-08,89327.30056762695,147932.66978454578,112675.8163757324
2015-10-09,88468.3097076416,149591.48234558094,113759.54623413083
2015-10-12,88512.93859481813,149505.29870605454,113703.24102783199
2015-10-13,88356.7911529541,149806.83781433094,113900.24154663083
2015-10-14,89472.27973937988,147652.6979217528,112492.90609741208
2015-10-15,90944.80573654175,144809.0767211913,110635.12103271481
2015-10-16,92060.34482955933,142654.83929443348,109227.72186279294
2015-10-19,90398.21077346802,145864.61599731434,111324.72241210935
2015-10-20,90219.72679138184,146209.2895965575,111104.82583236691
2015-10-21,89528.0705833435,147544.9592285155,110252.68866729733
2015-10-22,92517.70727157593,141771.61853027332,113935.99332427976
2015-10-23,92618.11437606813,141577.72058105454,113812.28934478755
2015-10-26,90654.77794647217,145369.1545562743,111399.34294128412
2015-10-27,90509.69776153564,145649.32148742664,111577.64692687982
2015-10-28,91837.23196029663,143085.696533203,109946.10338592523
2015-10-29,91781.45374298096,143193.4108428954,109879.3043365478
2015-10-30,92350.39155960083,142094.7248840331,109197.95403289789
2015-11-02,95183.8366127014,136623.00863647452,105804.66817474361
2015-11-03,96935.22844314577,133240.86465454087,103707.23094940178
2015-11-04,95964.73796844482,135114.99610900867,104869.47392272943
2015-11-05,94659.54662323,137635.47438049302,106432.5489959716
2015-11-06,94280.26105880737,138367.9194946288,106886.77497100824
2015-11-09,92266.05186462402,142257.59477233875,109298.95782470697
2015-11-10,92716.15398406982,142951.92148590076,108759.92314147943
2015-11-11,91894.7274017334,144219.05264282215,109743.64971923822
2015-11-12,89407.89014816284,148055.243282318,112721.8439407348
2015-11-13,87933.7668800354,150329.22316360462,114487.22902679438
2015-11-16,91084.51328277588,145468.88747405994,118591.76633453363
2015-11-17,90026.73479080202,147100.61465835557,117213.77816009517
2015-11-18,90904.47622299194,145746.61231613148,118357.22863006586
2015-11-19,90409.34116363525,146510.40676116932,117712.20676422113
2015-11-20,89835.47895431519,147395.64556503284,116964.62554168695
2015-11-23,90386.8531036377,146545.0968017577,117682.91114044184
2015-11-24,92187.2868347168,143767.75099182117,120028.37042999262
2015-11-25,91478.35737228394,144861.3442955016,119104.83452606195
2015-11-27,91455.8629989624,144896.0440750121,119075.53067779535
2015-11-30,91939.72877502441,144149.63360595691,119705.87183380121
2015-12-01,92198.5245513916,143750.4157104491,120043.01001739496
2015-12-02,89565.40126800537,147812.26691436756,116612.79019927973
2015-12-03,88282.63484954834,149791.06006622303,114941.7059707641
2015-12-04,88788.98237228394,149009.9692955016,115601.33452606195
2015-12-07,86470.94446182251,152585.77037429798,112581.58242034906
2015-12-08,84029.12120819092,156352.52249908436,109400.57279205316
2015-12-09,85154.3828201294,158447.34487152088,110866.47251129145
2015-12-10,85221.90382003784,158573.04408645618,110778.51161956781
2015-12-11,83702.79180526733,161401.07074356067,112757.48775482172
2015-12-14,85604.47862625124,165070.0048942565,110280.12413787835
2015-12-15,89430.4034614563,157688.62845993036,115211.05928802482
2015-12-16,89115.30546188354,158296.54864883417,115617.16444396964
2015-12-17,87776.2494468689,160879.9962959289,117342.96896362296
2015-12-18,87011.08720779419,162356.227733612,118329.1267013549
2015-12-21,86988.54864120483,162399.71150588983,118358.17489624015
2015-12-22,87427.4193572998,161552.99597930902,117792.54877090445
2015-12-23,90285.61895370483,156038.65681838983,114108.83895874015
2015-12-24,89317.86214828491,157905.75499343866,115356.10498046866
2015-12-28,88653.94037246704,159186.66268539423,116211.78180694571
2015-12-29,89126.59368515015,158274.77022171015,116831.51454925528
2015-12-30,87945.03616333008,160554.35521697992,118380.74707031241
2015-12-31,87764.99910354614,160901.7016410827,118138.2681541442
2016-01-04,87213.62495422363,161965.4706192016,117395.6621246337
2016-01-05,87956.2928199768,160532.63769149774,118395.90784835807
2016-01-06,87224.86898422241,161943.77745437616,117410.80589675895
2016-01-07,85829.54862594604,164635.77618789667,115531.54965591422
2016-01-08,84096.64852142334,167979.0692596435,113197.63162994376
2016-01-11,82971.39953613281,170150.0179061889,111682.11502075187
2016-01-12,84670.49810409546,173636.50656890863,113970.50819778434
2016-01-13,85176.89613342285,172597.39617156977,114652.53913879386
2016-01-14,89081.56705856323,164585.15299224848,119911.45846939078
2016-01-15,87348.64801406862,168141.0400466918,117577.51493453972
2016-01-19,86020.84234237671,165584.11154174793,115789.18935012809
2016-01-20,82397.50576019287,172561.4974555968,110909.17893218985
2016-01-21,83432.74568557739,174730.80987930286,112303.46883773795
2016-01-22,86212.1297454834,180554.9210090636,116046.82054138175
2016-01-25,83297.7036857605,186662.008365631,112121.59051895133
2016-01-26,86358.40314865112,193523.15338516224,107999.35541152945
2016-01-27,84771.77013397217,197079.89567184437,106014.86577987662
2016-01-28,86684.74517822264,192791.59511947623,108407.5294303893
2016-01-29,87652.47673034668,194944.57854843134,109617.92478561393
2016-02-01,85897.06331253052,198849.9756507873,107422.33217239371
2016-02-02,83984.10089492796,203105.88357925412,105029.68431472768
2016-02-03,88361.39987945557,193367.38517379755,110504.61416244498
2016-02-04,89880.4803276062,189987.77537918085,108604.61626052848
2016-02-05,90161.8209838867,189361.85616683957,108252.72794723503
2016-02-08,91377.08534240723,186658.16833114618,106732.72962570182
2016-02-09,90979.6805381775,187542.30397415152,107229.78578567495
2016-02-10,90150.77266693115,189386.4361686706,108266.54668807975
2016-02-11,90434.63233947754,188754.9127159118,107911.50770187369
2016-02-12,92058.35613250732,185142.4951896667,105880.62658309928
2016-02-16,92274.10766601564,184662.49691390982,105610.77421188344
2016-02-17,93159.7723197937,182692.09373855585,104503.02446365348
2016-02-18,93670.74119567871,181555.3037681579,103863.92744064322
2016-02-19,93727.5106048584,181429.00469589228,103792.92280197135
2016-02-22,93602.62674331665,181706.8429908752,103949.1219520568
2016-02-23,92285.4779624939,184637.20058059687,105596.5527534484
2016-02-24,92614.7367477417,183904.67438888544,105184.73058700553
2016-02-25,93171.14261627197,182666.79740524286,105816.78075790397
2016-02-26,92875.90633392334,183323.63123702997,106152.15490341178
2016-02-29,91059.15897369385,187365.4824638366,104075.24493026725
2016-03-01,92342.24737167358,184510.90150833124,105542.07468795768
2016-03-02,93954.61980819704,180923.7381782531,103698.80662155141
2016-03-03,93613.95915985107,181681.6309318542,104088.25069808951
2016-03-04,93489.07529830933,181959.4692268371,104231.01823043815
2016-03-07,95953.02675247192,176477.7355384826,101414.22297286979
2016-03-08,93875.10980606079,181100.62991714472,103789.70264816275
2016-03-09,93613.95915985107,181681.6309318542,104088.25069808951
2016-03-10,93364.14724349976,182237.40584182733,104373.83628463736
2016-03-11,93375.49860000612,182212.1516456603,104360.85938644399
2016-03-14,93625.3168296814,181656.36268997187,104640.11239242542
2016-03-15,94090.87396621704,180620.60354995722,105160.5236930846
2016-03-16,94147.66231536865,180494.2623405456,105224.00311660755
2016-03-17,95544.27059173584,177387.12537765497,106785.16644668567
2016-03-18,95657.82203674316,177134.49914169306,106912.09706497181
2016-03-21,94999.22870635986,178599.7200736999,106175.90512466419
2016-03-22,95566.97961807251,177336.60293960565,106810.55115890491
2016-03-23,95146.8405342102,178271.31720352167,107280.19303512562
2016-03-24,95408.01643371582,177690.26000595087,106988.24414443958
2016-03-28,95680.52474975586,177083.99074935907,107293.84863662708
2016-03-29,96032.53044128418,176300.85784530634,106899.09180068958
2016-03-30,96021.19802474976,176326.06990432733,106911.80054092396
2016-03-31,94965.16832351686,178675.49670791617,108096.08520889269
2016-04-01,94249.83083724976,180266.96052932733,107281.76749038682
2016-04-04,94476.9337272644,179761.7080574035,107023.24069595322
2016-04-05,93398.23287963867,177708.59164047235,108251.1998481749
2016-04-06,94647.26089477539,180085.8957176208,106829.34560012803
2016-04-07,93579.93034362793,178054.42065048212,105624.00372695908
2016-04-08,94533.72207641602,176239.0466575622,104546.88182449326
2016-04-11,94658.60593795776,176001.3522987365,104685.0463867186
2016-04-12,95828.14289093018,173775.34540939325,105978.95705795274
2016-04-13,96373.17846298218,172737.96652603144,106581.95411682114
2016-04-14,97054.46187973022,171441.26395034784,107335.68821716294
2016-04-15,96532.11639404295,172435.45626449582,106757.79420852645
2016-04-18,97451.89193725586,170684.8260765075,107775.3827400206
2016-04-19,97940.11390686035,169755.58184432978,108315.52438735947
2016-04-20,98610.07122039795,168480.43650436396,109056.72791671738
2016-04-21,98598.70092391968,168502.07785415644,109069.30738067612
2016-04-22,99438.94752502441,166902.81695175165,109998.90951156602
2016-04-25,99211.86988830566,167335.01910018915,109747.68343734727
2016-04-26,99552.51159667967,166686.66781234738,110124.55048751815
2016-04-27,100494.95197296143,164892.89912033075,111167.21413040147
2016-04-28,100006.68581008911,165822.2274665832,111707.40467071519
2016-04-29,100426.83120727539,165022.55495834345,112176.7997398375
2016-05-02,101255.71382522583,163444.92338943476,111250.75505065903
2016-05-03,100097.55979537964,165649.26489639276,112544.66852569566
2016-05-04,99904.50466156006,166016.71122360224,112327.58356857285
2016-05-05,100018.06873321533,165800.56208419794,112455.28310775742
2016-05-06,100551.69612884521,164784.89664840692,113055.33179855332
2016-05-09,100619.83583450317,164655.20476150507,113131.95294189439
2016-05-10,102232.22089767456,161586.31476211542,114945.03366851792
2016-05-11,101739.83213424683,162523.4897499084,114391.35663604722
2016-05-12,102724.54652786255,160649.25993728632,115498.63970947251
2016-05-13,101568.1223487854,162850.30897903437,116799.0055084227
2016-05-16,102610.06071090698,160867.16345596308,117997.70680236802
2016-05-17,102564.27017211914,160954.31765365595,117945.02693176255
2016-05-18,102358.17802429199,161346.577632904,117707.92756652817
2016-05-19,103228.3687210083,159690.323436737,118709.04121398911
2016-05-20,102804.69417572021,160496.71305465692,119196.45893859849
2016-05-23,102644.4178199768,160801.77077102655,119380.84938049302
2016-05-24,102724.54652786255,160649.25993728632,119288.66505432114
2016-05-25,103400.14795303343,159363.3720283508,118511.41725158678
2016-05-26,102873.42102050781,160365.9036521911,119117.39192199692
2016-05-27,103113.90184402466,159908.1909065246,118840.7299957274
2016-05-31,101980.30664443968,162065.7890205383,120144.87818908678
2016-06-01,102232.22089767456,161586.31476211542,119855.06263732896
2016-06-02,101419.24154281616,163133.67728042597,118901.59259033189
2016-06-03,101236.0541343689,163482.342136383,118686.74862670884
2016-06-06,102346.70671463013,165276.16349411005,117384.16454315171
2016-06-07,103915.3846359253,162742.5827789306,115544.40391159043
2016-06-08,104006.99096679689,162594.62886810294,115436.96712112411
2016-06-09,103869.59409713745,162379.77503204334,115598.1074981688
2016-06-10,103079.53842163086,163615.22161102283,116524.69243240342
2016-06-13,103778.00039291382,162523.00434112537,115705.52947998032
2016-06-14,103594.78773117065,162809.50244903553,115501.17263793931
2016-06-15,103285.61162948608,163292.9754104613,115156.31518554673
2016-06-16,104499.37341690065,161394.95999908433,116510.15461730944
2016-06-17,103926.82437896729,162290.28139495838,115871.52892303452
2016-06-20,104384.8560333252,161574.036125183,116382.42102813706
2016-06-21,104854.31480407715,160839.92174530018,116906.05902862534
2016-06-22,104442.08631515503,161484.54248809803,116446.25613403306
2016-06-23,105163.421459198,160356.55738067615,117250.83901977525
2016-06-24,102403.97487640381,164671.6315536498,114172.93062591538
2016-06-27,101797.15711593628,165620.54053497303,114849.7799224852
2016-06-28,104144.41940307617,161950.01799774158,117499.13699340806
2016-06-29,105919.17053222656,159174.75762176502,119502.30020141587
2016-06-30,107384.8150062561,156882.86161041248,121156.57444763169
2016-07-01,107499.30082321167,156703.83484649647,121285.79469299302
2016-07-05,106560.39590835571,158172.04386138904,120226.05186462388
2016-07-06,107785.57218551636,156256.17908477772,118843.19429016099
2016-07-07,106491.66906356812,158279.51520538318,117416.38269042954
2016-07-08,107155.76761245728,157241.0336074828,118148.69680023179
2016-07-11,107556.55004501343,156614.31159210193,118590.64721679673
2016-07-12,108770.26132583618,154716.37516021717,119929.02974700913
2016-07-13,108690.08211135864,154841.75510406482,119840.61460113511
2016-07-14,108770.26132583618,154716.37516021717,119929.02974700913
2016-07-15,108964.93898391724,154411.94870758045,120143.70450592026
2016-07-18,108621.44365310669,154949.08823394764,119764.92566680894
2016-07-19,108220.64859390259,155575.82999420154,119322.96132659898
2016-07-20,107602.3595237732,156542.67719268787,118641.16220092759
2016-07-21,107510.74056625366,156685.945991516,118540.13223266587
2016-07-22,107693.95322799683,156399.44788360584,118742.16432189927
2016-07-25,105621.45942687988,159640.30223846424,116456.78596115098
2016-07-26,104854.31480407715,158480.5464401244,117302.73093795762
2016-07-27,104144.41940307617,157407.33901214588,118085.5461082457
2016-07-28,103331.41479492189,158636.42513275132,117163.48589706408
2016-07-29,101900.18424987793,160800.13439178455,118786.70023727405
2016-08-01,98362.07122802736,155216.1155319213,122799.41210556017
2016-08-02,99713.17937850954,157348.4989089965,121267.06769561754
2016-08-03,100228.44131469727,158161.70989227283,121893.78810501084
2016-08-04,100216.97631835939,158143.61528778067,121879.84306716906
2016-08-05,100308.58896255493,158288.20273590076,121991.27282714829
2016-08-08,101487.93682098389,160149.5058212279,123425.73037338242
2016-08-09,101613.90657424927,159950.69434356678,123272.51157379136
2016-08-10,99835.55053710939,162757.38072967515,121114.8445510863
2016-08-11,100193.52863311768,162192.4026107787,120680.51221466053
2016-08-12,101498.45481872559,164305.51570892322,122252.73143768299
2016-08-15,101452.2286605835,164380.3713607787,122197.03659820545
2016-08-16,101579.22748565674,164174.71767425525,122044.024116516
2016-08-17,101798.68494033815,163819.34246063218,121779.6143493651
2016-08-18,102722.50732421875,162323.3642196654,120666.56188201893
2016-08-19,101440.71947097778,164399.00859832752,122210.90325927723
2016-08-22,101660.10116577148,164043.75606536854,122475.22174835193
2016-08-23,101348.33028793335,164548.61766815174,122099.58964538563
2016-08-24,101694.75500106813,165111.27001190177,122516.97386169423
2016-08-25,101048.049659729,166161.62889862055,121737.80138397205
2016-08-26,100828.66165161133,165800.7985916137,121473.475288391
2016-08-29,101486.88249588013,166883.38296508783,122266.52203369129
2016-08-30,101117.35733032227,167491.14580535883,121821.30561065662
2016-08-31,100678.54974746704,166764.13046264643,122349.99583435047
2016-09-01,100332.08715438843,167338.14884948725,121928.79780578602
2016-09-02,101001.88663482666,166228.4266891479,121114.51589965809
2016-09-06,102329.89433288574,164028.18674468988,122707.32271575916
2016-09-07,101948.79053115843,164659.5986022949,122250.22842788683
2016-09-08,102884.17261123657,163109.8598327636,121128.33511733994
2016-09-09,100332.08715438843,167338.14884948725,124189.29561996445
2016-09-12,100851.78735733032,166477.1108093261,123565.96939468369
2016-09-13,98449.78855133057,170456.73662567133,126446.91660308823
2016-09-14,97745.39205551147,169236.91767883295,127291.76678085313
2016-09-15,98299.70190048218,170196.82826232904,126626.9298973082
2016-09-16,97087.1648979187,172296.60533142084,128081.24164962754
2016-09-19,96856.19825363159,171886.58720397943,128358.2620658873
2016-09-20,95366.55052185059,169242.12494659418,130144.9392547606
2016-09-21,96244.18462753296,170800.124343872,131342.8700370787
2016-09-22,96521.35848999023,171292.17075347895,131721.19979858384
2016-09-23,96417.37804412842,171107.58190155023,131579.27120208726
2016-09-26,95967.02339172363,170308.1003494262,130964.55751037583
2016-09-27,96174.88327026367,170677.09873199457,131248.27682495103
2016-09-28,100401.39482498169,178180.11441040033,137017.27356338486
2016-09-29,99893.29851150513,179082.1004943847,136323.74512100205
2016-09-30,100840.20240783691,177401.13152313227,137616.22602844224
2016-10-03,100574.58192825317,177872.66806030268,137253.6661109923
2016-10-04,99650.76585769653,179512.65090942377,135992.69903945908
2016-10-05,100516.8655204773,177975.12776184076,137174.8858299254
2016-10-06,100563.05379867554,177893.13310241693,137237.9307365416
2016-10-07,100216.5975189209,178508.1715011596,136765.03361511216
2016-10-10,102179.75717544556,175023.11828613275,134085.40964889512
2016-10-11,101371.38023376465,176458.1705245971,135188.8075408934
2016-10-12,100667.0026779175,177708.60028839103,136150.25098419172
2016-10-13,100008.7313270569,178877.1810913085,135259.6953620909
2016-10-14,99985.69400787354,178918.07755279535,135228.5288619993
2016-10-17,99985.69400787354,178918.07755279535,135228.5288619993
2016-10-18,100251.27029418945,178446.6194686889,135587.81907653788
2016-10-19,100713.17832946777,177626.62804412836,136212.72064208964
2016-10-20,100759.37923431396,177544.6109695434,136275.2244644163
2016-10-21,100078.03268432617,178754.1554794311,135353.45109558085
2016-10-24,100412.94820785522,178159.6045379638,135806.54829025248
2016-10-25,100193.52863311768,178549.12400054926,135509.70211029032
2016-10-26,100620.79545974731,177790.62857055658,134931.6655998228
2016-10-27,100424.45108413696,178139.18432617182,135197.29403305033
2016-10-28,97953.23930740356,182526.14517211908,131868.997325897
2016-10-31,96267.26613998413,185519.12956237787,129598.2818031309
2016-11-01,96648.3762550354,186253.94670867914,130111.57149887065
2016-11-02,96417.37804412842,186699.33359146112,130422.68630981425
2016-11-03,96659.89807128906,186231.73153305048,130096.05359649638
2016-11-04,96555.96181869507,186432.13067626947,130236.03783035258
2016-11-07,98726.96241378784,182246.2316436767,127312.07388687113
2016-11-08,99437.6091003418,180876.03612899774,126354.95517730693
2016-11-09,100532.71196365356,178764.57193756098,127747.15845489482
2016-11-10,101464.70378875732,176967.60159683222,128931.99881744364
2016-11-11,99856.98427200317,180067.44025421137,126888.10645294169
2016-11-14,99402.67747879028,180943.38767242426,126310.54663848857
2016-11-15,101196.79788589478,177484.15007781977,128591.4102859495
2016-11-16,99950.21312713625,179887.68600845328,127006.62821197491
2016-11-17,99344.44337844849,181055.66864776606,126236.51367950419
2016-11-18,99402.67747879028,180943.38767242426,126310.54663848857
2016-11-21,100812.35433578491,178225.39440917963,128102.6675491331
2016-11-22,101033.66159439087,177798.69261932367,128384.01526641825
2016-11-23,101313.25345993042,177259.61247253412,128739.46015167216
2016-11-25,101546.27193450928,176810.33032608026,129035.69632720927
2016-11-28,100789.03923034668,178270.34818649286,128073.02707672099
2016-11-29,100124.97224807739,179550.73352813715,127228.79932403544
2016-11-30,101755.98793029785,176405.9776115417,129302.30808258036
2016-12-01,101686.09312057495,176540.7415618896,129213.45087432841
2016-12-02,101453.09358596802,176989.98719024652,128917.23877716044
2016-12-05,101965.66604614258,176001.69793319696,129568.87168121318
2016-12-06,102058.85702133179,175822.01672363275,129687.3452835081
2016-12-07,102653.03550720215,174676.3831596374,130442.72385406474
2016-12-08,102944.28176879883,174114.8322105407,130812.98496246318
2016-12-09,103736.52185440065,172587.31673431388,131820.1590652464
2016-12-12,106043.23366165161,168139.75336456293,134752.6796951292
2016-12-13,107907.21731185913,164545.8126831054,137122.36042022685
2016-12-14,105577.1967124939,169038.31765747064,140084.51349639872
2016-12-15,105938.33147048952,168342.014930725,139625.40320587135
2016-12-16,106276.20794296265,167690.5564270019,139195.86115264872
2016-12-19,105390.78319549562,169397.7409400939,140321.50083160377
2016-12-20,105402.46284484863,169375.2214469909,140306.65250396708
2016-12-21,105227.69109725954,169712.198272705,140528.8396682737
2016-12-22,105915.04161834717,168386.92001724237,139655.0115737913
2016-12-23,105728.64072799683,168746.31895446772,139891.98285675028
2016-12-27,105775.24568557739,168656.46009063715,139953.6534652708
2016-12-28,105250.9935760498,169667.26884078974,139259.93013000468
2016-12-29,105309.2276763916,169554.98786544794,139336.98915100077
2016-12-30,105204.40124511717,169757.10335922238,139475.70207214338
2017-01-03,105938.33147048952,168342.014930725,140449.10197830186
2017-01-04,104773.34011077881,170588.23089981073,141994.21136474598
2017-01-05,103212.22555160522,173598.21069335932,139877.50981140125
2017-01-06,103154.00407791138,173500.236793518,139798.56782531727
2017-01-09,101453.09358596802,176362.49402618402,137492.3181915282
2017-01-10,100159.9291229248,178538.60461807245,135738.92782592762
2017-01-11,101185.13086318968,176813.41619110105,134348.86576843253
2017-01-12,100637.5573348999,177734.8616752624,133621.63518524164
2017-01-13,100649.21173095703,177715.24989700312,133637.1133499145
2017-01-17,101825.86380004883,179793.40941238397,135199.8210525512
2017-01-18,100567.67515182495,182015.5758285522,133528.82489013666
2017-01-19,98761.91928863525,178746.66672515863,131130.60652923578
2017-01-20,100113.30522537231,181193.04271697992,132925.3777008056
2017-01-23,99041.49221420288,183133.31569671625,131501.90640258783
2017-01-24,99181.31340026855,182880.20133209223,131687.6024551391
2017-01-25,99472.55966186523,182352.96640777582,132074.40564727777
2017-01-26,99775.46031951904,181804.633857727,132476.6870040893
2017-01-27,99670.60232162476,181994.45534515375,132337.42544555658
2017-01-30,98913.36961746216,183365.2524337768,133343.10368347162
2017-01-31,97783.30987930296,181269.69150543204,131819.05937194815
2017-02-01,96676.52105331421,179217.28370666498,130326.39915466303
2017-02-02,97270.69322586061,180319.10509490964,131127.72380065915
2017-02-03,97375.58910369875,180513.62198257443,131269.19062805173
2017-02-06,97107.61375427246,180016.69367599481,130907.78822326654
2017-02-07,96478.50996017456,178850.0957641601,130059.35337829584
2017-02-08,95843.64210128784,177672.8090820312,130915.56187438959
2017-02-09,96266.8747138977,178457.6434555053,131493.766670227
2017-02-10,97066.33724212646,179940.15130996698,130401.57043075556
2017-02-13,97630.65370559692,180986.60884857172,129630.62207794184
2017-02-14,97419.01845932007,181379.0611572265,129919.75035095209
2017-02-15,97818.75288009644,180637.80137634272,129373.64791870111
2017-02-16,96807.67404556274,182512.72641754145,130754.94655609125
2017-02-17,96172.81881332397,183689.98968505854,131622.26237487787
2017-02-21,96325.65176010132,183406.57922363275,131413.46763610834
2017-02-22,95197.03777313232,181257.09808349604,132955.33846664423
2017-02-23,96196.32963180542,183160.28112792963,131590.1427612304
2017-02-24,95373.38153839111,184727.61187744135,130463.8724098205
2017-02-27,95914.17455673218,183697.65441894525,129723.75386810297
2017-02-28,95655.53661346437,183202.10099411008,129373.85033035274
2017-03-01,97654.1582107544,187031.48412704462,132077.72571182245
2017-03-02,97983.35386276245,186400.741279602,131632.36676025385
2017-03-03,96995.7858467102,188292.9335327148,132968.41799163813
2017-03-06,97430.78018188477,187459.4791297912,133564.79391098017
2017-03-07,97066.33724212646,188157.7562065124,133065.1437416076
2017-03-08,95314.61711883545,191514.07313156122,135466.74673843378
2017-03-09,96067.05169677736,193026.67122268674,136536.52230453488
2017-03-10,95996.46242141724,193168.57485961914,136436.16184234613
2017-03-13,95773.1096458435,193617.57466888428,136118.60952758783
2017-03-14,95267.55760192871,194633.87173843384,135399.8397636413
2017-03-15,96454.99914169313,192246.7913742065,137088.08746337888
2017-03-16,96537.26175308228,192081.4211578369,137205.04451751703
2017-03-17,96454.99914169313,192246.7913742065,137088.08746337888
2017-03-20,96454.99914169313,192246.7913742065,137088.08746337888
2017-03-21,96255.13193130493,192648.5788116455,136803.92580413813
2017-03-22,96172.81881332397,192814.05055999756,136920.95466613764
2017-03-23,96290.40447235107,192577.67141342163,136753.7769889831
2017-03-24,95549.73793029785,194066.61255264282,137806.82132339472
2017-03-27,95573.24243545532,194019.36210632324,137773.40373992914
2017-03-28,96266.8747138977,192624.97262573242,136787.23047637934
2017-03-29,96478.50996017456,192199.52823638916,136486.33758544916
2017-03-30,98453.6081123352,196135.4035873413,133678.23731231684
2017-03-31,96466.77349090578,200094.66677856442,130979.50363922115
2017-04-03,96537.26175308228,199954.20134735107,130883.75885772702
2017-04-04,96889.99979019165,199251.28289031982,131362.24640655515
2017-04-05,97078.04214477539,198876.56163024902,131107.167804718
2017-04-06,97642.37754821777,197751.9826812744,131869.61732864377
2017-04-07,97348.47969055176,198337.64741516113,131472.5444526672
2017-04-10,97783.4803390503,197470.80020141602,132060.25529861447
2017-04-11,97442.54190444946,198150.20500946045,131599.6279029846
2017-04-12,97595.38747787476,197845.62210845947,131806.13104629514
2017-04-13,96090.54988861084,200844.38607788086,129773.00908279416
2017-04-17,95961.20882034302,201102.13039398193,129947.75629043576
2017-04-18,95338.09637069704,202343.83725738522,130789.6169776916
2017-04-19,94679.7303199768,203655.79570770264,131679.10730361936
2017-04-20,95291.11892700195,202437.45152282715,132529.51006698605
2017-04-21,94914.88269805908,203187.19598388672,132006.18934249875
2017-04-24,95408.6414527893,202203.25859832764,132692.97644424436
2017-04-25,96137.55889892578,200750.70890808105,133706.85436630246
2017-04-26,95749.59882736206,201523.81604766846,133167.2265205383
2017-04-27,95585.01678466795,201851.78678894046,132938.3033409118
2017-04-28,96043.54719161987,200938.05066680908,133576.09004592893
2017-05-01,96525.53159713745,199977.5766067505,132905.68031692502
2017-05-02,96513.8077545166,200000.93928527832,132889.53612518308
2017-05-03,97277.9535484314,198478.188331604,131837.27735519406
2017-05-04,96031.74127578737,200961.57689666745,130147.54905319212
2017-05-05,96478.50996017456,200071.27893829346,130753.31879806516
2017-05-08,97501.3126373291,198033.08967590332,132140.12798690793
2017-05-09,96819.44839477539,199391.87413024902,133064.66173934934
2017-05-10,97258.54007720947,198516.87451171875,133668.24698257443
2017-05-11,98089.27249908447,196861.43310546875,134810.19034194943
2017-05-12,98018.08345794678,197003.29501342773,134712.33229446408
2017-05-15,98314.77180480957,196412.06953430176,135120.16672897336
2017-05-16,98018.08345794678,197003.29501342773,134712.33229446408
2017-05-17,97353.48615646362,198327.67078399658,133798.76198577878
2017-05-18,97068.66685867311,198895.2442245483,133407.2430114746
2017-05-19,97282.278175354,198469.5704345703,133700.8779029846
2017-05-22,97709.51343536377,197618.1976928711,134288.16504287717
2017-05-23,98053.70323181152,196932.3137359619,134761.29603195188
2017-05-24,97709.51343536377,197618.1976928711,134288.16504287717
2017-05-25,97068.66685867311,198895.2442245483,133407.2430114746
2017-05-26,96831.29850387573,199368.25983428955,133080.95116424558
2017-05-30,96297.24180221558,200432.50092315674,133815.07744598386
2017-05-31,95585.21881103514,198949.9442901611,132825.12886428827
2017-06-01,95822.55559921265,198455.7675094604,133155.10587310788
2017-06-02,94398.43385696411,201421.03852081293,131175.10337829587
2017-06-05,95134.2391395569,199888.96298980704,130152.0895080566
2017-06-06,96427.8013420105,197195.53981781,128353.60816192624
2017-06-07,96071.78037643433,197936.83785247797,127879.48719024655
2017-06-08,95727.62845993042,198653.42244720453,127421.17249298093
2017-06-09,97519.65284347534,194922.11367034906,129807.65088653562
2017-06-12,98469.01262283327,192945.38025665274,131071.93424224852
2017-06-13,98504.62608337402,192871.22679138178,131119.36147308347
2017-06-14,97448.4259223938,195070.42060089106,129712.7964248657
2017-06-15,97673.93785476686,194600.8652420043,130013.1156387329
2017-06-16,99133.61623764038,191561.5590744018,131957.00153350827
2017-06-19,98267.28298187256,193365.41671752924,130803.28643035886
2017-06-20,97733.2515335083,194477.3637695312,130092.10497283933
2017-06-21,96700.77053070068,196627.170135498,128717.12725067136
2017-06-22,96273.53527069092,197516.7488098144,128148.1686325073
2017-06-23,96902.5191116333,196207.0942382812,128985.80028533933
2017-06-26,96463.44005584717,197121.3337707519,128401.0690231323
2017-06-27,96309.11716461182,197442.6610717773,128606.5842208862
2017-06-28,96807.57303237915,196404.78861236566,129272.4971656799
2017-06-29,95822.55559921265,198455.7675094604,127956.5614891052
2017-06-30,95858.16274642944,198381.62718963617,128004.13091659543
2017-07-03,97484.0583229065,194996.22769927973,130176.24881362912
2017-07-05,96000.59133529663,198085.0659103393,128194.40862655637
2017-07-06,95134.2391395569,199888.96298980704,127037.00397109984
2017-07-07,95252.93594360352,199641.81544494623,126878.43077850342
2017-07-10,95181.73427581787,199790.0697937011,126973.55276489258
2017-07-11,95703.91561508179,198702.79674530023,126275.94373703003
2017-07-12,96131.13824844362,197813.24436187735,125705.19495010375
2017-07-13,96143.0262374878,197788.49148559564,125689.31317138672
2017-07-14,96510.8973121643,197022.5194473266,126170.32405090332
2017-07-17,96012.46669769287,198060.3393249511,125518.59967041016
2017-07-18,95703.91561508179,198702.79674530023,125115.15281677246
2017-07-19,96000.59133529663,198085.0659103393,125503.07200622559
2017-07-20,96012.46669769287,198060.3393249511,125518.59967041016
2017-07-21,95134.2391395569,199888.96298980704,124370.27070617677
2017-07-24,94837.55710601807,200506.7069702148,123982.34326171875
2017-07-25,95312.24962234499,201510.5884246826,124603.02882385255
2017-07-26,95430.92748641968,201259.60804748535,124758.20640563965
2017-07-27,95976.84061050415,202411.46824645996,125472.01667785645
2017-07-28,94517.13066101074,205491.41213989258,123563.36874389648
2017-07-31,95039.29306030273,204389.66525268555,122880.61380004883
2017-08-01,95193.57175827026,204064.1418609619,123080.1040802002
2017-08-02,95703.91561508179,202987.331741333,123740.00489807129
2017-08-03,95573.35607528688,203262.8084259033,123571.18470764162
2017-08-04,95241.04164123535,203963.98184204102,124000.88433837894
2017-08-07,95181.73427581787,204089.1185913086,123923.65933990481
2017-08-08,94944.35329437256,204589.98529052734,124232.75662994388
2017-08-09,95241.04164123535,203963.98184204102,124621.05086517337
2017-08-10,94677.85526275635,205152.2880859375,125358.1274185181
2017-08-11,93767.16459274292,207073.81788635254,126550.00415039065
2017-08-14,93791.14259719849,207023.2250213623,126582.37083435062
2017-08-15,93563.49044799805,207503.5641784668,126275.0748214722
2017-08-16,92880.45192718506,208944.75482177734,125353.07599639895
2017-08-17,91430.5528831482,212003.99800109863,123395.93130493167
2017-08-18,91885.91400146486,211043.19979858396,122781.2625808716
2017-08-21,91574.33252334593,211700.62730407718,123201.8505096436
2017-08-22,92005.7472038269,210790.35536193848,122619.50585937503
2017-08-23,91849.95330810545,210433.30022811887,122829.80408477788
2017-08-24,91514.43801879883,209664.35189437866,123282.69904327395
2017-08-25,91981.75657272339,210735.37260437012,122651.88958740237
2017-08-28,91682.20197677612,210048.8405303955,122252.24212646487
2017-08-29,91658.21134567261,209993.85777282715,122220.23529052737
2017-08-30,91238.83617401125,209032.71576309207,121660.7305297852
2017-08-31,91514.43801879883,209664.35189437866,122028.42169189456
2017-09-01,91802.00361251831,210323.40705871582,121644.76922607425
2017-09-05,92532.97288894653,208648.14031219482,120669.55462646487
2017-09-06,94450.19048690796,204254.17877197266,118111.719909668
2017-09-07,94749.7766494751,203567.5743522644,117712.03033447269
2017-09-08,94498.13386917114,204144.3000717163,117399.26344680789
2017-09-11,95013.37686538696,202963.4440689087,118039.65912246707
2017-09-12,95312.93146133421,202276.9119949341,117667.34262466435
2017-09-13,95636.48931503296,201535.36822509766,118066.95123672491
2017-09-14,96019.92904663086,200656.58459854126,118540.5166816712
2017-09-15,95995.9510421753,200711.53841781616,118510.90275955206
2017-09-18,96019.92904663086,200656.58459854126,118540.5166816712
2017-09-19,96175.71031570436,200299.5584030151,118732.9136085511
2017-09-20,96571.145362854,201123.40132904047,118244.53340530404
2017-09-21,95780.25632858276,199475.67601776117,117275.87354278573
2017-09-22,95816.24227523804,199550.64855194086,117319.94817352304
2017-09-25,97086.37573242189,196904.4732284545,118875.57386398326
2017-09-26,96978.51890563965,197129.18038177484,118743.47369003305
2017-09-27,97625.58410644531,195781.09529876703,119535.98194503793
2017-09-28,98536.26846313477,193883.7903671264,120651.36393356332
2017-09-29,98284.63199615479,194408.045677185,120343.1662788392
2017-10-02,97865.26945114136,195281.7387619018,119829.54218292245
2017-10-03,98021.05072021486,194957.18660736075,120020.33893966685
2017-10-04,98056.98616027832,194882.31929779047,120064.35171127328
2017-10-05,98332.58800506592,194308.13491058344,120401.90152359018
2017-10-06,97961.11833572388,195082.0487594604,120856.86769866952
2017-10-09,98344.54544067383,194283.2229843139,120387.25637435922
2017-10-10,98620.17253875732,193708.9859848022,120724.67057418832
2017-10-11,99027.55239486694,192860.2574386596,121223.37244033822
2017-10-12,98823.88456344604,193284.5756759643,121472.69632339486
2017-10-13,98799.9002456665,193334.54421234125,121502.0571861268
2017-10-16,99279.2204284668,192335.93636322016,120915.28818893441
2017-10-17,99458.93550872803,191961.52089691156,120695.2865257264
2017-10-18,99219.28804397583,192460.79851531977,120988.65556716928
2017-10-19,99195.31003952026,192510.75389862055,121018.00870132455
2017-10-20,99638.66952896118,191587.06597137445,120475.26167678842
2017-10-23,99794.4444847107,191262.5269699096,120284.56677627572
2017-10-24,100070.06526947021,190688.30312347406,119947.16030502328
2017-10-25,99710.55934906006,191437.2918930053,120387.25637435922
2017-10-26,100070.06526947021,190688.30312347406,119947.16030502328
2017-10-27,100357.64348983765,190089.16735076898,119595.1159095765
2017-10-30,100153.96934509277,190513.49874114984,119844.4475212098
2017-10-31,99926.25406265259,190987.9170455932,120123.20955276498
2017-11-01,100549.34757232666,192179.13629913324,119360.43767929086
2017-11-02,100141.95508956909,192957.98210906977,119859.15500259408
2017-11-03,99722.58623123169,193759.72414398188,119357.17934799203
2017-11-06,100405.56161880493,192454.0237655639,120174.68644332894
2017-11-07,100201.89378738403,192843.3923568725,119930.90035629281
2017-11-08,100070.06526947021,193095.41980743402,119773.10440826425
2017-11-09,100669.19340133667,191950.01714324945,120490.24811172494
2017-11-10,100354.73304748535,192551.19693756098,120113.84571838388
2017-11-13,100294.26403045654,192666.8005447387,120041.46558380136
2017-11-14,99508.2236289978,194169.53881072992,119100.59184646615
2017-11-15,98262.55430221558,196550.98760223383,117609.55200576791
2017-11-16,97476.49496078491,198053.76207733148,116668.65559768685
2017-11-17,97089.50714111328,198793.59860992426,117131.87183380136
2017-11-20,97464.42388534546,198076.8393478393,117584.26382064828
2017-11-21,97851.39907836914,197337.02695465082,117117.321548462
2017-11-22,98129.53887939453,196805.28415679926,116781.70512390145
2017-11-24,98516.52038574217,196065.45969390866,116314.75523376475
2017-11-27,98141.64152145386,196782.1465377807,116767.10151290902
2017-11-28,98818.89072418213,195487.39337921137,117573.25313186654
2017-11-29,99544.46842193604,194100.24665069574,118436.93172073373
2017-11-30,100778.03510665894,191741.9354782104,119905.28602218637
2017-12-01,100983.62218856813,191348.89769744864,120150.00297164927
2017-12-04,101116.63761138916,191094.60114288324,120308.33552932748
2017-12-05,100294.26403045654,192666.8005447387,119329.43767166146
2017-12-06,99556.59631729126,194077.0607528686,118451.36794662484
2017-12-07,99883.08355331421,193452.8881759643,118839.99625778207
2017-12-08,100016.1368560791,193198.51920318598,118998.37390518197
2017-12-11,100463.58737945557,192343.09113311762,119530.98872756967
2017-12-12,100137.08751678467,192967.2878494262,119142.34538650521
2017-12-13,100572.45433807375,192134.96118926993,119660.5765876771
2017-12-14,100306.39192581177,192643.61464691156,119343.87389755258
2017-12-15,100463.58737945557,192343.09113311762,119530.98872756967
2017-12-18,100354.73304748535,192551.19693756098,119401.41589736947
2017-12-19,99750.08075714111,193707.16059112543,118681.67873001107
2017-12-20,100270.10925292967,192712.97922515866,119300.68545913704
2017-12-21,101455.27168273926,190447.20645904535,120711.42261123666
2017-12-22,101600.38974761963,190169.77228546137,120538.68388748178
2017-12-26,101612.49870300293,190146.62259674066,120524.2702064515
2017-12-27,101515.73438644409,190331.61492156977,120639.45190048227
2017-12-28,101660.86507797241,190054.15660858148,120811.94257736215
2017-12-29,101201.28665924072,190932.770576477,121358.1605529786
2018-01-02,102882.29755401611,187719.04340362543,119360.24609375009
2018-01-03,104901.91095352171,183857.98189544675,121704.46200943
2018-01-04,105047.07321166992,183580.4632339477,121535.96853637701
2018-01-05,104962.40522384644,183742.3300094604,121634.24479293829
2018-01-08,105434.04209136963,182840.66291046137,122180.83060073858
2018-01-09,104986.56631469727,183696.13925933832,121662.24538040167
2018-01-10,104986.56631469727,183696.13925933832,121662.24538040167
